split1	PC9D0C-GACGAATATACC-0	1	0.2710603177547455
split1	PC9D0C-ACTAGGGGTTGC-0	1	0.4134792685508728
split1	PC9Day3_Eto-GGTCACCACAGC-1	0	0.17028288543224335
split1	PC9D0C-GGTGTGATCAAA-0	1	0.10197532176971436
split1	PC9Day3_Eto-GTTACGGTGATC-1	0	0.3658885061740875
split1	PC9Day3_Eto-TAACAGGGCTCA-1	0	0.1190439760684967
split1	PC9Day3_Eto-CGCCACCACATA-1	0	0.17198358476161957
split1	PC9D0C-CTGGATGGGCAT-0	1	0.5552836656570435
split1	PC9D0C-TATACCACCAGT-0	1	0.44887852668762207
split1	PC9Day3_Eto-TGCGGCTATCAC-1	0	0.2761630415916443
split1	PC9D0C-GCATGTAGTGTT-0	1	0.2484797239303589
split1	PC9D0C-CGCTAAGCCATT-0	1	0.13424699008464813
split1	PC9D0C-TATCCACTGCGG-0	1	0.09601853042840958
split1	PC9D0C-AATCAATTGCCG-0	1	0.4278145730495453
split1	PC9Day3_Eto-GCCCAGGGACAG-1	0	0.1289622038602829
split1	PC9Day3_Eto-TTCAATACTCGC-1	0	0.20670545101165771
split1	PC9Day3_Eto-ACGGCTTTCGAN-1	0	0.17306895554065704
split1	PC9D0C-TTAAGGTAACGC-0	1	0.23860903084278107
split1	PC9D0C-CGAAGGGGGAGA-0	1	0.30082210898399353
split1	PC9D0C-GGTTGCTGTTTC-0	1	0.17548030614852905
split1	PC9Day3_Eto-GGTTAGCCAGGA-1	0	0.319640189409256
split1	PC9D0C-GTATTTTCTCAA-0	1	0.4829638600349426
split1	PC9D0C-TCTAGTGTCACA-0	1	0.22141942381858826
split1	PC9Day3_Eto-AGAACAATCGCC-1	0	0.10666727274656296
split1	PC9D0C-CTGATTGCTTGT-0	1	0.6544342637062073
split1	PC9Day3_Eto-CTTGGTCGTATA-1	0	0.127183198928833
split1	PC9D0C-TACGAGCAGGGT-0	1	0.13424386084079742
split1	PC9Day3_Eto-CGTGCACTTGTC-1	0	0.2289980947971344
split1	PC9Day3_Eto-AATCACTGAGGC-1	0	0.16187946498394012
split1	PC9D0C-GCCTTTCCACCA-0	1	0.15247485041618347
split1	PC9D0C-TCTGCAGCCACG-0	1	0.2381124645471573
split1	PC9D0C-GCCATCTTCGTT-0	1	0.23187147080898285
split1	PC9D0C-GCATTACTCCCN-0	1	0.16686204075813293
split1	PC9D0C-GTAGCGGTTTTT-0	1	0.15181416273117065
split1	PC9Day3_Eto-TCTCAGGTCCTA-1	0	0.15280047059059143
split1	PC9D0C-TCTTTCTTCCGC-0	1	0.5429090261459351
split1	PC9Day3_Eto-GACCTTCTAAGT-1	0	0.11883039027452469
split1	PC9Day3_Eto-AGTTCAACCACT-1	0	0.19952093064785004
split1	PC9D0C-AGAAGGACGTAA-0	1	0.2569538354873657
split1	PC9Day3_Eto-AACTAGAGCCGG-1	0	0.16744081676006317
split1	PC9D0C-TTCCACCCCGTG-0	1	0.5095616579055786
split1	PC9D0C-TGGAGCTAAGAC-0	1	0.20289424061775208
split1	PC9Day3_Eto-GGACGAGACTTC-1	0	0.1579069197177887
split1	PC9Day3_Eto-AGTTCAGCGATA-1	0	0.11743570119142532
split1	PC9D0C-GCCTGTACTGAT-0	1	0.2950685918331146
split1	PC9D0C-GCGAATAAGTTG-0	1	0.3386285901069641
split1	PC9Day3_Eto-ATCTCTGAGCCT-1	0	0.1170182004570961
split1	PC9Day3_Eto-GGATGGTGATCT-1	0	0.12541547417640686
split1	PC9D0C-AACACTTTCCCA-0	1	0.49950551986694336
split1	PC9D0C-GTTGATAAACCG-0	1	0.15937957167625427
split1	PC9Day3_Eto-CGGACGACGACC-1	0	0.2973421514034271
split1	PC9D0C-TTACGACCAATT-0	1	0.243012472987175
split1	PC9D0C-TCGTCTGATCTC-0	1	0.5103206634521484
split1	PC9Day3_Eto-ACAACTGAGAAC-1	0	0.27105432748794556
split1	PC9Day3_Eto-CTGCAGCTCTGC-1	0	0.10861261188983917
split1	PC9D0C-GGGCGTTCTTAN-0	1	0.14607584476470947
split1	PC9Day3_Eto-CTGAGTAGCGTA-1	0	0.10917381197214127
split1	PC9Day3_Eto-CCCACCGAATTG-1	0	0.17257040739059448
split1	PC9Day3_Eto-CTGCCCTGGCGA-1	0	0.25884315371513367
split1	PC9Day3_Eto-GCGTATCGCTAA-1	0	0.19188420474529266
split1	PC9D0C-AAACGGCGGATT-0	1	0.3652465343475342
split1	PC9Day3_Eto-GATGAAGACAAG-1	0	0.13483241200447083
split1	PC9D0C-GCCTTGGGGAGC-0	1	0.24664165079593658
split1	PC9D0C-GTATTGAGTCAA-0	1	0.23020607233047485
split1	PC9D0C-ATTACTGAGAAC-0	1	0.1200370267033577
split1	PC9D0C-AATTAAGGTAGG-0	1	0.1988152116537094
split1	PC9Day3_Eto-TGAGGTTAGAGG-1	0	0.12578217685222626
split1	PC9Day3_Eto-CACAGAACGCAN-1	0	0.32565203309059143
split1	PC9Day3_Eto-CGTGATCCAAAT-1	0	0.11673202365636826
split1	PC9D0C-TTAATATGTTAN-0	1	0.19256892800331116
split1	PC9D0C-TCAAAGAAGAAC-0	1	0.19062837958335876
split1	PC9Day3_Eto-CCTCCTGACTGC-1	0	0.20329143106937408
split1	PC9Day3_Eto-TCCCTCATTGAC-1	0	0.367389440536499
split1	PC9D0C-TTCATGAATATT-0	1	0.10658009350299835
split1	PC9D0C-TATTTCACACTG-0	1	0.2857587933540344
split1	PC9D0C-ATAAACCTGATA-0	1	0.1636679619550705
split1	PC9Day3_Eto-ATACAGTCCACC-1	0	0.183130145072937
split1	PC9Day3_Eto-GTTACCCCCATC-1	0	0.214719757437706
split1	PC9D0C-CCGGACTAAATG-0	1	0.20626869797706604
split1	PC9Day3_Eto-AAGCCGCTGAAG-1	0	0.1426597535610199
split1	PC9D0C-CGATTCGTAGTT-0	1	0.3270328640937805
split1	PC9Day3_Eto-GGGCCGTCCTAT-1	0	0.12064684927463531
split1	PC9Day3_Eto-TTTATTGCGAAT-1	0	0.13070207834243774
split1	PC9D0C-GGCTCATCGTCA-0	1	0.5140249133110046
split1	PC9D0C-CCCCCAAGCTCT-0	1	0.14182348549365997
split1	PC9D0C-GCATATCATAAN-0	1	0.13277876377105713
split1	PC9Day3_Eto-ATACATTCTATC-1	0	0.413768470287323
split1	PC9Day3_Eto-CATACTACCCCT-1	0	0.22241462767124176
split1	PC9Day3_Eto-ATTCCCTAACGN-1	0	0.13665856420993805
split1	PC9D0C-GAAATCCACAAA-0	1	0.19351458549499512
split1	PC9D0C-GCTTAACAAATC-0	1	0.13446010649204254
split1	PC9D0C-CCCATCGGCGTT-0	1	0.22422675788402557
split1	PC9Day3_Eto-ATAGGAAGCCTC-1	0	0.23384299874305725
split1	PC9D0C-AGCTCCTAGAAA-0	1	0.29860177636146545
split1	PC9Day3_Eto-GGAACACGGATA-1	0	0.4230361878871918
split1	PC9Day3_Eto-AGAGTGAGCACG-1	0	0.11530545353889465
split1	PC9Day3_Eto-GTTACCCCCGTC-1	0	0.23570872843265533
split1	PC9D0C-ATGGCACACCGT-0	1	0.23027053475379944
split1	PC9D0C-TTACGACCAGTT-0	1	0.6564029455184937
split1	PC9D0C-TGTCTCCCTTGG-0	1	0.18912683427333832
split1	PC9Day3_Eto-TACTCAAAGGCN-1	0	0.3879174590110779
split1	PC9Day3_Eto-AACCCTTAGTCG-1	0	0.1265660524368286
split1	PC9D0C-CAGAGTAAGCAA-0	1	0.3441868722438812
split1	PC9D0C-CAGATGCGCCCC-0	1	0.27977102994918823
split1	PC9D0C-CGGGCGAACGTT-0	1	0.16000446677207947
split1	PC9Day3_Eto-GCCGAAGAGCCG-1	0	0.20997683703899384
split1	PC9Day3_Eto-GGCTCATCACAA-1	0	0.1424541175365448
split1	PC9D0C-ACCTGGGGCCAG-0	1	0.42405301332473755
split1	PC9D0C-AAGGCTCGCCTT-0	1	0.3671090006828308
split1	PC9D0C-TATGTGGTATAG-0	1	0.24277718365192413
split1	PC9D0C-CGCTATCTTGCG-0	1	0.11843688786029816
split1	PC9D0C-ACCAAACTTATT-0	1	0.17543452978134155
split1	PC9Day3_Eto-TAGTAACCCGGC-1	0	0.15864376723766327
split1	PC9Day3_Eto-GTTAACCTCATG-1	0	0.18267279863357544
split1	PC9D0C-CGGTAGAATTTA-0	1	0.5932074785232544
split1	PC9Day3_Eto-ATAACGCCCCGN-1	0	0.185386061668396
split1	PC9D0C-GGTAGACTCATA-0	1	0.2463943511247635
split1	PC9D0C-GCCTTGGGGGGC-0	1	0.22752651572227478
split1	PC9Day3_Eto-CTGCTGCTAACA-1	0	0.18528099358081818
split1	PC9D0C-GGGCGCCTTTAT-0	1	0.17585277557373047
split1	PC9Day3_Eto-TGGCAAGCCAAG-1	0	0.23990312218666077
split1	PC9Day3_Eto-TGAACGGGATCC-1	0	0.2713587284088135
split1	PC9D0C-AAAATTTGCAGA-0	1	0.2852844297885895
split1	PC9D0C-AAAATTGGGCTG-0	1	0.6678285598754883
split1	PC9D0C-GCAGGAACGTGG-0	1	0.13768933713436127
split1	PC9D0C-CGATTCGTAATT-0	1	0.3400249779224396
split1	PC9D0C-ACACTAATACCC-0	1	0.6521004438400269
split1	PC9D0C-TATTACGCCGTN-0	1	0.11959665268659592
split1	PC9D0C-CACCCCCAACCA-0	1	0.12127627432346344
split1	PC9D0C-GATCAAATTGGA-0	1	0.15960736572742462
split1	PC9D0C-TCAACTCTTCAA-0	1	0.30025312304496765
split1	PC9D0C-GACTCAATCGGG-0	1	0.31817683577537537
split1	PC9Day3_Eto-GGTCACCACGGC-1	0	0.27574771642684937
split1	PC9D0C-CGGGTTGCTCGG-0	1	0.6182080507278442
split1	PC9Day3_Eto-CCAGTCGTACTC-1	0	0.3504047095775604
split1	PC9D0C-CGCACCGGACTT-0	1	0.310925155878067
split1	PC9Day3_Eto-CGATTACGCTGT-1	0	0.13522395491600037
split1	PC9Day3_Eto-TCGGTGGCAATC-1	0	0.1367136687040329
split1	PC9D0C-CCGGACTAAGTG-0	1	0.2245831936597824
split1	PC9D0C-TCTATCTCAGAA-0	1	0.3210727870464325
split1	PC9D0C-ATATCGATCTCA-0	1	0.18035255372524261
split1	PC9Day3_Eto-ACTCCGAAAAAG-1	0	0.159601092338562
split1	PC9Day3_Eto-GTAAGAATTGAG-1	0	0.10456015914678574
split1	PC9D0C-GATGGAGTCTCG-0	1	0.2345919907093048
split1	PC9D0C-AAGGTGGCGTAC-0	1	0.549580454826355
split1	PC9D0C-TGCGGGGGGACT-0	1	0.2619083523750305
split1	PC9D0C-GTGTGCGGACCA-0	1	0.2960146367549896
split1	PC9D0C-GTAAGCCCATTG-0	1	0.3402848541736603
split1	PC9Day3_Eto-GACAGAACAGCA-1	0	0.5657685399055481
split1	PC9D0C-TCAATTTCACGG-0	1	0.6564209461212158
split1	PC9Day3_Eto-TACGCGATTGCT-1	0	0.1989983171224594
split1	PC9D0C-AAAAAAGAGCTA-0	1	0.17297060787677765
split1	PC9D0C-TACCACCGGGCT-0	1	0.3066827356815338
split1	PC9D0C-CCATACCACATN-0	1	0.12657591700553894
split1	PC9Day3_Eto-CGGCAGACATGT-1	0	0.16848108172416687
split1	PC9D0C-TCCGCATTGGCT-0	1	0.2491460144519806
split1	PC9D0C-ATATAATTGGAA-0	1	0.23049242794513702
split1	PC9D0C-GTGCAGTTACGA-0	1	0.4306737780570984
split1	PC9Day3_Eto-GAGTCGGTCAGC-1	0	0.11914672702550888
split1	PC9D0C-GATCGGAACGGC-0	1	0.15577459335327148
split1	PC9D0C-GGATTCATTATG-0	1	0.20699851214885712
split1	PC9D0C-AAGTTTTAGCGG-0	1	0.19873128831386566
split1	PC9D0C-ATACTTGTATCT-0	1	0.48061102628707886
split1	PC9D0C-GAACCAATCTTC-0	1	0.30020689964294434
split1	PC9D0C-GCCGCGCAATGG-0	1	0.12662480771541595
split1	PC9D0C-CTGAGTAGGTCG-0	1	0.7061803936958313
split1	PC9D0C-TCCTCTAACCTG-0	1	0.2473004162311554
split1	PC9Day3_Eto-CTTGGTGGATTT-1	0	0.14272528886795044
split1	PC9Day3_Eto-AATCCAATACTG-1	0	0.3062312602996826
split1	PC9Day3_Eto-AGGAAATCCGGC-1	0	0.11053644120693207
split1	PC9D0C-TAAACACCTAAA-0	1	0.30845558643341064
split1	PC9Day3_Eto-GAGTTTCGAGCT-1	0	0.1653091460466385
split1	PC9D0C-TGATCTAGACCG-0	1	0.379279226064682
split1	PC9Day3_Eto-GTTTATGAGAGG-1	0	0.10726280510425568
split1	PC9D0C-CGAGTAGCGATT-0	1	0.145692378282547
split1	PC9Day3_Eto-CCATTAGACAGA-1	0	0.2257862389087677
split1	PC9Day3_Eto-ATATAGTTAATG-1	0	0.1748434156179428
split1	PC9D0C-GGGCTTGGCTCG-0	1	0.1329108327627182
split1	PC9D0C-CGTGCTCGCTCT-0	1	0.7422441840171814
split1	PC9D0C-AGTCCCTCAATT-0	1	0.7783880829811096
split1	PC9D0C-CGACAAACGAAT-0	1	0.13176840543746948
split1	PC9Day3_Eto-TCGGGTCGCGGT-1	0	0.17167159914970398
split1	PC9D0C-CTTGAAGAGAAA-0	1	0.20752565562725067
split1	PC9Day3_Eto-ATATTAGGAATT-1	0	0.15188924968242645
split1	PC9D0C-ATTGGTTCACAA-0	1	0.5478276610374451
split1	PC9D0C-GTTCCCTGACGA-0	1	0.2571277320384979
split1	PC9Day3_Eto-ATAGAACCGCGG-1	0	0.1936752200126648
split1	PC9D0C-CGCTCATGGAAT-0	1	0.2578257918357849
split1	PC9D0C-GTCCCGAACTCA-0	1	0.12894205749034882
split1	PC9D0C-AGGGCCTACAAC-0	1	0.16180075705051422
split1	PC9Day3_Eto-TAGCCGCTCCTN-1	0	0.2752332091331482
split1	PC9D0C-CTTGCCCCCGAA-0	1	0.12528948485851288
split1	PC9D0C-ACGGCAATGAAC-0	1	0.1316036432981491
split1	PC9Day3_Eto-TGTACCGTCGAA-1	0	0.17777448892593384
split1	PC9D0C-GATAAGCCCGTG-0	1	0.16888798773288727
split1	PC9Day3_Eto-TTTCCGCGAAAG-1	0	0.2018931657075882
split1	PC9D0C-TCGAGTCCTAGC-0	1	0.35634130239486694
split1	PC9Day3_Eto-ATCGTCAGCCCT-1	0	0.1055983230471611
split1	PC9D0C-AAGTTAAGTTAA-0	1	0.19889503717422485
split1	PC9D0C-CTCGCGGTGATT-0	1	0.18508106470108032
split1	PC9Day3_Eto-CTAATTTTGCGT-1	0	0.1689452826976776
split1	PC9Day3_Eto-TGGTTTTGCCTT-1	0	0.22645972669124603
split1	PC9Day3_Eto-TGTGAGACCTGC-1	0	0.32509011030197144
split1	PC9Day3_Eto-CATTGCGATGTG-1	0	0.19569268822669983
split1	PC9Day3_Eto-GTAGGGACGCTA-1	0	0.326325923204422
split1	PC9D0C-GGTACTAAAGTA-0	1	0.12708711624145508
split1	PC9Day3_Eto-ACTGCCATGTAT-1	0	0.18778321146965027
split1	PC9Day3_Eto-CAGGAGCACCCA-1	0	0.2842032015323639
split1	PC9Day3_Eto-ACCTTACGGCAN-1	0	0.11404765397310257
split1	PC9Day3_Eto-AAGATTACCCCC-1	0	0.13041432201862335
split1	PC9Day3_Eto-CTGCATGCAACC-1	0	0.12012016773223877
split1	PC9D0C-ATTCCAAGAACA-0	1	0.1847238391637802
split1	PC9D0C-AAGTTAACAAAT-0	1	0.17463627457618713
split1	PC9Day3_Eto-ACGCTAGGAAAA-1	0	0.1058339849114418
split1	PC9Day3_Eto-ACTACACGTAAG-1	0	0.1622287482023239
split1	PC9Day3_Eto-CAGAACCATCTT-1	0	0.3357487916946411
split1	PC9Day3_Eto-GTATTTATTACG-1	0	0.1049513965845108
split1	PC9D0C-TCGACAGGAATG-0	1	0.3016866445541382
split1	PC9D0C-AGGTGAGGCCTC-0	1	0.2977133095264435
split1	PC9D0C-ACCGCGCAATGG-0	1	0.35301822423934937
split1	PC9Day3_Eto-ACCCGGAGCCTT-1	0	0.1947716921567917
split1	PC9D0C-CAGTCTGTTCAC-0	1	0.30133306980133057
split1	PC9D0C-CCTGTTGTATAC-0	1	0.23166975378990173
split1	PC9Day3_Eto-GACACATCGTCT-1	0	0.12000707536935806
split1	PC9D0C-CGGAGAAGCTCG-0	1	0.17323745787143707
split1	PC9D0C-CCGTAAGCTACT-0	1	0.21976357698440552
split1	PC9Day3_Eto-CATCCGAGGACC-1	0	0.12386414408683777
split1	PC9Day3_Eto-TCGCCCTCCAGG-1	0	0.2783065736293793
split1	PC9D0C-ACATTAACTCAA-0	1	0.3118148744106293
split1	PC9D0C-CGATTCTTACTT-0	1	0.31542885303497314
split1	PC9D0C-CGGTGTTTAGTC-0	1	0.5814840793609619
split1	PC9Day3_Eto-AAATCCAATGAT-1	0	0.24872305989265442
split1	PC9Day3_Eto-CATCATCACATC-1	0	0.15572869777679443
split1	PC9D0C-TCACTTAATACG-0	1	0.29729896783828735
split1	PC9D0C-TTCATGAATGTT-0	1	0.14108215272426605
split1	PC9D0C-AATGTTCCGAGN-0	1	0.37110215425491333
split1	PC9Day3_Eto-AACTCTGTACGC-1	0	0.06636437028646469
split1	PC9D0C-AGACATCATATN-0	1	0.17031240463256836
split1	PC9Day3_Eto-ATCTCACTGATA-1	0	0.14923039078712463
split1	PC9Day3_Eto-TGACATAAAGCN-1	0	0.11639459431171417
split1	PC9Day3_Eto-CATGTCGCCGAT-1	0	0.11910117417573929
split1	PC9D0C-TTGTGTATCGTT-0	1	0.1630709022283554
split1	PC9D0C-TTTTTGCGTATT-0	1	0.20594464242458344
split1	PC9Day3_Eto-TTCTGTGCCTCG-1	0	0.25762972235679626
split1	PC9Day3_Eto-GGAAAGAATTTG-1	0	0.15193890035152435
split1	PC9D0C-GGCGAAACAAAG-0	1	0.10689877718687057
split1	PC9Day3_Eto-CGCCATGATATA-1	0	0.2422628253698349
split1	PC9D0C-ACCTCCTCGCGC-0	1	0.11800336092710495
split1	PC9Day3_Eto-AGATGTCCGACN-1	0	0.3864832818508148
split1	PC9Day3_Eto-ATAGCTACCAAA-1	0	0.19551752507686615
split1	PC9D0C-CGAGTAGCGGTT-0	1	0.2846587896347046
split1	PC9Day3_Eto-GTAGAGCGTAAN-1	0	0.18735890090465546
split1	PC9Day3_Eto-TATGAACTGACA-1	0	0.18825364112854004
split1	PC9D0C-TTAATCCCAAGC-0	1	0.14906145632266998
split1	PC9Day3_Eto-AATTCTATCATT-1	0	0.1313452273607254
split1	PC9Day3_Eto-TGCTTCACAACC-1	0	0.16728247702121735
split1	PC9Day3_Eto-CTATATTACTAG-1	0	0.10759791731834412
split1	PC9Day3_Eto-AAATTCGCGCGA-1	0	0.22424209117889404
split1	PC9D0C-TAGCCAAACTAC-0	1	0.16891515254974365
split1	PC9Day3_Eto-ACGACGCCATGC-1	0	0.18734021484851837
split1	PC9Day3_Eto-TGCTACTTGCAT-1	0	0.1919613480567932
split1	PC9Day3_Eto-GGCAAACGGGTC-1	0	0.17463429272174835
split1	PC9D0C-GGTAACACTATG-0	1	0.34727245569229126
split1	PC9Day3_Eto-CGTGCACTTATC-1	0	0.14503471553325653
split1	PC9Day3_Eto-CCAAAATAGCCT-1	0	0.118992879986763
split1	PC9D0C-GCCTGTACTAAT-0	1	0.1798221319913864
split1	PC9Day3_Eto-GCTAGCAACCCG-1	0	0.12290980666875839
split1	PC9Day3_Eto-CCAACAGGCTAT-1	0	0.1629229336977005
split1	PC9D0C-CAGAAACGGGAC-0	1	0.25357773900032043
split1	PC9D0C-GGATGCTAGTCT-0	1	0.1898694783449173
split1	PC9Day3_Eto-AGTTCAACCGCT-1	0	0.26090559363365173
split1	PC9D0C-CTCCGTTGAACN-0	1	0.22875815629959106
split1	PC9Day3_Eto-AAGCAATGGGGC-1	0	0.14464356005191803
split1	PC9D0C-CGACAAACGGAT-0	1	0.19709542393684387
split1	PC9D0C-CACGTGTTGGCG-0	1	0.2923755943775177
split1	PC9Day3_Eto-AAAGCTAACAGG-1	0	0.1282462477684021
split1	PC9D0C-CGAAGGATCTGA-0	1	0.543643057346344
split1	PC9D0C-GTGTGCGCGCAA-0	1	0.8144673109054565
split1	PC9Day3_Eto-GCCTAGAAGAGC-1	0	0.11556622385978699
split2	PC9D0C-TACTAGCTGACG-0	1	0.07349351793527603
split2	PC9D0C-AGTATGTCAACC-0	1	0.06443390250205994
split2	PC9D0C-AACGAGCGTAGG-0	1	0.07256504148244858
split2	PC9D0C-AGACTAGCAGAG-0	1	0.13922759890556335
split2	PC9D0C-AGAGGACGGCTA-0	1	0.18572212755680084
split2	PC9D0C-TAATCATAACAT-0	1	0.13012273609638214
split2	PC9Day3_Eto-CCAGTGTTTGGT-1	0	0.033743686974048615
split2	PC9Day3_Eto-ATGGCTATGTGA-1	0	0.12116770446300507
split2	PC9Day3_Eto-GAGAGACCCACG-1	0	0.26690298318862915
split2	PC9Day3_Eto-TGCCTGTCTTAA-1	0	0.13886839151382446
split2	PC9D0C-GTAGCAGACGAT-0	1	0.08589114993810654
split2	PC9Day3_Eto-TTATCTAAACCA-1	0	0.19410182535648346
split2	PC9Day3_Eto-ACTGGCGCCCCG-1	0	0.06504199653863907
split2	PC9Day3_Eto-GAGGACCTTAAC-1	0	0.07598968595266342
split2	PC9D0C-CAGGGGTAAAGT-0	1	0.27839359641075134
split2	PC9D0C-CGCCTCGACGCG-0	1	0.3547670245170593
split2	PC9D0C-ACTTGTCTCGAA-0	1	0.06049427017569542
split2	PC9Day3_Eto-ACCACGTGATAT-1	0	0.1061038076877594
split2	PC9Day3_Eto-ATATTTTCGAGC-1	0	0.2668472230434418
split2	PC9D0C-GGTCCTAGGCAG-0	1	0.6952421069145203
split2	PC9Day3_Eto-GTACAGTAGTCC-1	0	0.3900795876979828
split2	PC9D0C-CAGAAAGACTAA-0	1	0.19306102395057678
split2	PC9Day3_Eto-CCGCCTTCATGG-1	0	0.053660232573747635
split2	PC9Day3_Eto-GTACAACCGTAC-1	0	0.3551424443721771
split2	PC9Day3_Eto-GGTTAGCCAAGA-1	0	0.05044129863381386
split2	PC9D0C-AGCATTGGAATT-0	1	0.10656283795833588
split2	PC9D0C-ACAGGTAGGTGT-0	1	0.047150373458862305
split2	PC9D0C-TCCTGGAAACCA-0	1	0.051650289446115494
split2	PC9D0C-GCATTACTACCN-0	1	0.6694566607475281
split2	PC9Day3_Eto-TAATCACATCTC-1	0	0.06417954713106155
split2	PC9D0C-AAGAAGGAAATG-0	1	0.06187639757990837
split2	PC9D0C-CCTCTTCAGCAA-0	1	0.5993654727935791
split2	PC9D0C-ATACAACTGAGG-0	1	0.04863807559013367
split2	PC9D0C-AATGAGCCTAAA-0	1	0.057456664741039276
split2	PC9Day3_Eto-ATGGTGAAAAGC-1	0	0.040908172726631165
split2	PC9Day3_Eto-ACCTCGTTATAT-1	0	0.06582329422235489
split2	PC9Day3_Eto-ATTGGAGTGCCC-1	0	0.10494642704725266
split2	PC9Day3_Eto-ACGGTTCACTAT-1	0	0.1829959750175476
split2	PC9Day3_Eto-CGCATAATCCAA-1	0	0.0480479896068573
split2	PC9D0C-AAGGTCGACTCC-0	1	0.28639930486679077
split2	PC9Day3_Eto-CTAGCTCTCCTN-1	0	0.09120790660381317
split2	PC9Day3_Eto-TGTATCGTTTGG-1	0	0.03398776426911354
split2	PC9Day3_Eto-ATAGAGAACGTC-1	0	0.0848487839102745
split2	PC9Day3_Eto-GGTACGTCTCCA-1	0	0.04560457542538643
split2	PC9Day3_Eto-AGAACGATTAGC-1	0	0.162888303399086
split2	PC9D0C-AAGAGTGCATAC-0	1	0.13762696087360382
split2	PC9D0C-GGCCGGTCGCGG-0	1	0.039068229496479034
split2	PC9D0C-AAAGAACATTGT-0	1	0.05013985559344292
split2	PC9D0C-TAGGGATTAAAC-0	1	0.11698395758867264
split2	PC9Day3_Eto-GTGCTGAGAAGG-1	0	0.07772859185934067
split2	PC9Day3_Eto-AATTACATGACC-1	0	0.047323085367679596
split2	PC9D0C-TATACACTGCGG-0	1	0.21425402164459229
split2	PC9D0C-CAGACACGATTT-0	1	0.1368124783039093
split2	PC9D0C-GATCCTTCGTGT-0	1	0.09852734953165054
split2	PC9Day3_Eto-TGAAATCCTAAT-1	0	0.03075346350669861
split2	PC9D0C-AAAATTTGCGGA-0	1	0.1224752888083458
split2	PC9Day3_Eto-CCAACATAGAGC-1	0	0.07130054384469986
split2	PC9Day3_Eto-GAGGCGACGAAC-1	0	0.05671170353889465
split2	PC9D0C-GACAGGTCTGGT-0	1	0.06630413979291916
split2	PC9D0C-AGGCTTGGCTCG-0	1	0.3265274465084076
split2	PC9D0C-AAGCTAACACGC-0	1	0.5606070756912231
split2	PC9D0C-TACACAAGTTGA-0	1	0.052852071821689606
split2	PC9D0C-AATTTTCTCCGC-0	1	0.31431177258491516
split2	PC9D0C-TGAAGAATTTTA-0	1	0.09411067515611649
split2	PC9D0C-AACTAAGAACTC-0	1	0.1559016853570938
split2	PC9D0C-AATTGGAAAGAG-0	1	0.40766453742980957
split2	PC9Day3_Eto-TGAAACGTTTTA-1	0	0.07265951484441757
split2	PC9Day3_Eto-ACGCTCAGCAGG-1	0	0.04810348525643349
split2	PC9D0C-TAGGTGGACCCG-0	1	0.7516446113586426
split2	PC9D0C-AATTAACCGATG-0	1	0.06771166622638702
split2	PC9Day3_Eto-ACCCTAGCCAAA-1	0	0.08125477284193039
split2	PC9Day3_Eto-ACATACGTAAGG-1	0	0.04779587313532829
split2	PC9Day3_Eto-TCGGGGTCAAGA-1	0	0.03242434188723564
split2	PC9Day3_Eto-CCTTTAACGGGT-1	0	0.12295207381248474
split2	PC9D0C-GCCATCTTCATT-0	1	0.03375308960676193
split2	PC9Day3_Eto-CCATCCCGCCCT-1	0	0.6077542304992676
split2	PC9Day3_Eto-ATTATGTCTACT-1	0	0.04341665282845497
split2	PC9D0C-GACCTGTCGGCA-0	1	0.05912592262029648
split2	PC9Day3_Eto-TGTCTCTGGCAT-1	0	0.027514854446053505
split2	PC9D0C-GAGGACACGTCG-0	1	0.17863601446151733
split2	PC9Day3_Eto-CGCTAAAGGATC-1	0	0.16238005459308624
split2	PC9D0C-CCGCATATTAGA-0	1	0.04855221509933472
split2	PC9Day3_Eto-CGCGCCCGATCA-1	0	0.033632151782512665
split2	PC9Day3_Eto-CTAGAAATCCCA-1	0	0.7736886143684387
split2	PC9Day3_Eto-CCACCCCCGGTC-1	0	0.03642844036221504
split2	PC9Day3_Eto-CAATTACAACTN-1	0	0.08562707155942917
split2	PC9D0C-TACTTTAAGGGC-0	1	0.06141752377152443
split2	PC9Day3_Eto-ACAATATGGAGT-1	0	0.16245894134044647
split2	PC9Day3_Eto-TATTCCAAGAGC-1	0	0.06478185206651688
split2	PC9Day3_Eto-TCTGGGCAGTGG-1	0	0.05986630171537399
split2	PC9D0C-AGGCCAACTTTT-0	1	0.05021117627620697
split2	PC9D0C-GTAATAGATTAG-0	1	0.21416588127613068
split2	PC9D0C-ACAGAACATGTA-0	1	0.8269363045692444
split2	PC9Day3_Eto-AAGGTGTCCCCC-1	0	0.037357330322265625
split2	PC9D0C-GGTAGCGAGATG-0	1	0.29615074396133423
split2	PC9D0C-TGTGCCGGCTTT-0	1	0.10576487332582474
split2	PC9D0C-TCTGCGCAACGG-0	1	0.22278527915477753
split2	PC9D0C-AGACACTTCATG-0	1	0.040353331714868546
split2	PC9D0C-CGAGCCTTCACC-0	1	0.06091148033738136
split2	PC9Day3_Eto-GAGGGAGAACTA-1	0	0.02326304279267788
split2	PC9Day3_Eto-CGCGTTCAGTAN-1	0	0.34453266859054565
split2	PC9Day3_Eto-CTGGTGCGACGG-1	0	0.08841940015554428
split2	PC9D0C-GCATTACTGCCN-0	1	0.8697752952575684
split2	PC9Day3_Eto-GACGGTCCGTCC-1	0	0.07969733327627182
split2	PC9D0C-GTGTTGGCCATG-0	1	0.3727053701877594
split2	PC9Day3_Eto-ACCATATGGTGT-1	0	0.07616692781448364
split2	PC9D0C-TAAGTTCGGAAC-0	1	0.1350579559803009
split2	PC9D0C-TTACGAAGGCGC-0	1	0.1815144270658493
split2	PC9Day3_Eto-AGTCAACCAGAC-1	0	0.056394029408693314
split2	PC9D0C-AAGATTCCGTCT-0	1	0.16846823692321777
split2	PC9Day3_Eto-TTCTTTTAAATG-1	0	0.1229470744729042
split2	PC9Day3_Eto-TAGAGTGTATAA-1	0	0.26846733689308167
split2	PC9Day3_Eto-CAACCCGGATGG-1	0	0.07595197856426239
split2	PC9Day3_Eto-GGATGGGTGTAT-1	0	0.20595131814479828
split2	PC9D0C-GCTCCTTTTTTC-0	1	0.2957034707069397
split2	PC9D0C-GGCACTTTTGAG-0	1	0.13283765316009521
split2	PC9Day3_Eto-CTGATCATAGGA-1	0	0.04995294660329819
split2	PC9Day3_Eto-CGATAACATTTT-1	0	0.10057748854160309
split2	PC9D0C-TATCGAAATACT-0	1	0.0966678187251091
split2	PC9D0C-GTAGCAGACAAT-0	1	0.052770182490348816
split2	PC9D0C-CGAAAGACCGCA-0	1	0.5127607583999634
split2	PC9D0C-TCAATTCCTCCC-0	1	0.18118597567081451
split2	PC9Day3_Eto-AAATTTGATACT-1	0	0.04821358993649483
split2	PC9D0C-CAAGCCCTTCCC-0	1	0.0769575834274292
split2	PC9D0C-CGACGCCCCCGG-0	1	0.23254090547561646
split2	PC9Day3_Eto-TCACGGCTCATT-1	0	0.16898979246616364
split2	PC9D0C-AGATCACCCAGT-0	1	0.04570958390831947
split2	PC9D0C-GCCTGGGGCCAG-0	1	0.045744843780994415
split2	PC9D0C-TGGAGAATGCTC-0	1	0.18506792187690735
split2	PC9D0C-TTGGTGCAAATG-0	1	0.042732447385787964
split2	PC9D0C-TACTTTAAGAGC-0	1	0.03912801295518875
split2	PC9Day3_Eto-GAATAGGTTTCG-1	0	0.13232237100601196
split2	PC9Day3_Eto-GATACGGTCCGC-1	0	0.24448491632938385
split2	PC9D0C-GTGCTGGTATTG-0	1	0.2255629301071167
split2	PC9D0C-GAGGACCCTCTA-0	1	0.23136040568351746
split2	PC9Day3_Eto-TGAAATAAGCAT-1	0	0.056749988347291946
split2	PC9D0C-TCGACAGGAGTG-0	1	0.14948222041130066
split2	PC9Day3_Eto-ACCGTATCCTTC-1	0	0.13217727839946747
split2	PC9Day3_Eto-CGGTTAGTACGG-1	0	0.16364948451519012
split2	PC9Day3_Eto-TAAGTACATTTC-1	0	0.031049245968461037
split2	PC9Day3_Eto-CCCGACACAATT-1	0	0.05451322719454765
split2	PC9D0C-GCGCTTTTCACC-0	1	0.09554190933704376
split2	PC9D0C-GAAGCAGCCGCC-0	1	0.26510119438171387
split2	PC9D0C-ATAGGTATTCTC-0	1	0.5758571624755859
split2	PC9D0C-TAAAGCGACAGT-0	1	0.07508043944835663
split2	PC9Day3_Eto-TTATAGTAACAG-1	0	0.2876985967159271
split2	PC9Day3_Eto-CCAAGCGCGTTT-1	0	0.5690528154373169
split2	PC9Day3_Eto-CAGGATCTTTTG-1	0	0.2710177004337311
split2	PC9D0C-GGAGAGCGACTG-0	1	0.7732318639755249
split2	PC9Day3_Eto-CTCGTCCCTTGT-1	0	0.11219918727874756
split2	PC9Day3_Eto-AATCACTGAAGC-1	0	0.05718031898140907
split2	PC9Day3_Eto-GAGTAACTTAGG-1	0	0.03319874405860901
split2	PC9D0C-CGGTAGATCATC-0	1	0.22493205964565277
split2	PC9Day3_Eto-TTATATGGTATT-1	0	0.12805470824241638
split2	PC9D0C-CGGGGCGTAAGC-0	1	0.12662570178508759
split2	PC9D0C-GAAGCAGCCACC-0	1	0.058342643082141876
split2	PC9Day3_Eto-TGCGGTACACCG-1	0	0.046293310821056366
split2	PC9D0C-CAGAAACGGAAC-0	1	0.1812351495027542
split2	PC9D0C-CCCCCCAGAAGG-0	1	0.39249423146247864
split2	PC9D0C-TAACAAAAGGGN-0	1	0.04019477218389511
split2	PC9Day3_Eto-TTAGTCCAACTC-1	0	0.5826484560966492
split2	PC9D0C-AACCGAGACACC-0	1	0.1415143758058548
split2	PC9D0C-CCATACAAGTTG-0	1	0.9271426796913147
split2	PC9D0C-GTACAACTCACG-0	1	0.19346590340137482
split2	PC9Day3_Eto-TGACGAACCGAC-1	0	0.3106910288333893
split2	PC9D0C-ATTCCCCGCGAC-0	1	0.07087579369544983
split2	PC9D0C-GCCGCAAGTTCA-0	1	0.031689997762441635
split2	PC9D0C-GGGAGCGATTCN-0	1	0.09963522851467133
split2	PC9D0C-ACATCACTCAAC-0	1	0.23382911086082458
split2	PC9Day3_Eto-CAGATCCATATA-1	0	0.07013457268476486
split2	PC9D0C-AGTAGGTATAAG-0	1	0.12946632504463196
split2	PC9D0C-GAGATGACTGTA-0	1	0.16622906923294067
split2	PC9Day3_Eto-TATACAGTGAGG-1	0	0.05016442388296127
split2	PC9D0C-ATCTCGAATATG-0	1	0.06734485179185867
split2	PC9Day3_Eto-GATAATAATTTT-1	0	0.048049286007881165
split2	PC9Day3_Eto-CTGCAGACCCTC-1	0	0.04777037352323532
split2	PC9D0C-CGCCTACTCCTG-0	1	0.18346688151359558
split2	PC9D0C-ACCTTTCCACCA-0	1	0.7392318248748779
split2	PC9D0C-GGTGCCCTAACC-0	1	0.09435732662677765
split2	PC9Day3_Eto-TTTCCAAAACGC-1	0	0.18562625348567963
split2	PC9D0C-CGCAACATACCT-0	1	0.08573607355356216
split2	PC9D0C-CGCTAAGCCGTT-0	1	0.08251675218343735
split2	PC9D0C-AGAACAATCAGG-0	1	0.22839491069316864
split2	PC9D0C-GAGCCATGTTTT-0	1	0.44110506772994995
split2	PC9Day3_Eto-TGTGAGTCGTCT-1	0	0.06164775416254997
split2	PC9Day3_Eto-AGCGGCTATTCA-1	0	0.2427004724740982
split2	PC9D0C-GTGACGTCCCAG-0	1	0.1518157571554184
split2	PC9Day3_Eto-TGGTTCCACCTC-1	0	0.09304734319448471
split2	PC9Day3_Eto-ACGTTGTACGTA-1	0	0.029120922088623047
split2	PC9D0C-GCTACGACCGGN-0	1	0.11138223856687546
split2	PC9D0C-CGCCTCGACACG-0	1	0.12630011141300201
split2	PC9D0C-CAGGCAATCATG-0	1	0.07200594991445541
split2	PC9D0C-ATGGAGCCCCCT-0	1	0.570609986782074
split2	PC9Day3_Eto-AGATGTCTTCAG-1	0	0.046227678656578064
split2	PC9D0C-TTGCAGCGACCA-0	1	0.044284362345933914
split2	PC9D0C-GTCTTTATCTGT-0	1	0.05376558378338814
split2	PC9D0C-GTCACGAACTCA-0	1	0.6163062453269958
split2	PC9D0C-AAAGGGCACTTA-0	1	0.11594966799020767
split2	PC9Day3_Eto-GAATTTAGTGGA-1	0	0.05173518508672714
split2	PC9Day3_Eto-GAACCCGAACTC-1	0	0.027881169691681862
split2	PC9D0C-TAGCGTCTCTAA-0	1	0.14026689529418945
split2	PC9Day3_Eto-ATAACCAAATCC-1	0	0.047326620668172836
split2	PC9D0C-AATCATAAATTA-0	1	0.2526280879974365
split2	PC9Day3_Eto-TGCCTGACCAGG-1	0	0.13162608444690704
split2	PC9D0C-CGTATCCTCGAC-0	1	0.09934539347887039
split2	PC9D0C-GGGGATACCTAG-0	1	0.05407131463289261
split2	PC9Day3_Eto-GCGCCCATGACT-1	0	0.0352126844227314
split2	PC9D0C-TAGTACCTGCGG-0	1	0.3231297433376312
split2	PC9D0C-CTAAGAGAAAGN-0	1	0.4513365924358368
split2	PC9Day3_Eto-CGACGACAAGGC-1	0	0.24526894092559814
split2	PC9D0C-TAGGGACCACGG-0	1	0.05441141128540039
split2	PC9Day3_Eto-CCAAAATAGGCT-1	0	0.20222975313663483
split2	PC9D0C-GCTTTATGAAAC-0	1	0.06599337607622147
split2	PC9Day3_Eto-CTCCTGCAGCTG-1	0	0.04554326832294464
split2	PC9Day3_Eto-AGAAGAATGCGN-1	0	0.1782727986574173
split2	PC9D0C-ATCACAGATATA-0	1	0.12758196890354156
split2	PC9D0C-GGCTAACACGAG-0	1	0.26679903268814087
split2	PC9Day3_Eto-GCATTGAGACTC-1	0	0.2349177896976471
split2	PC9D0C-GCCATTTCACGA-0	1	0.03901928290724754
split2	PC9D0C-CGGCATCTTCTT-0	1	0.8076481223106384
split2	PC9Day3_Eto-CCGTGGCAATAA-1	0	0.04282841831445694
split2	PC9D0C-CATTAGCAGTCT-0	1	0.05848178640007973
split2	PC9Day3_Eto-TATACTAACTTA-1	0	0.050619080662727356
split2	PC9D0C-CGAAAGACCACA-0	1	0.18619348108768463
split2	PC9Day3_Eto-CCACCTTACTTT-1	0	0.16714048385620117
split2	PC9Day3_Eto-GCCAACCATTGN-1	0	0.06889329105615616
split2	PC9D0C-GCATACGCGGCT-0	1	0.08724679052829742
split2	PC9D0C-AGCCGGTCGCGG-0	1	0.43385112285614014
split2	PC9Day3_Eto-GTACAACTCATC-1	0	0.10945063084363937
split2	PC9Day3_Eto-GAGCCGATCTTA-1	0	0.08282642811536789
split2	PC9D0C-GGTAGACTCGTA-0	1	0.15473924577236176
split2	PC9D0C-GGCGGGGCGTGT-0	1	0.039687950164079666
split2	PC9Day3_Eto-ACACCTACACTT-1	0	0.05922257900238037
split2	PC9Day3_Eto-GAAATGCTGCCT-1	0	0.025823527947068214
split2	PC9Day3_Eto-CTGACTCTACCG-1	0	0.0554472841322422
split2	PC9Day3_Eto-GAACGACCTCTT-1	0	0.05351981893181801
split2	PC9D0C-CACACGACTCCT-0	1	0.09418536722660065
split2	PC9D0C-TTATAACCCGTG-0	1	0.16065868735313416
split2	PC9Day3_Eto-CTCTGAGGCAGG-1	0	0.03288763388991356
split2	PC9D0C-CGCAAATCACCG-0	1	0.02958684042096138
split2	PC9Day3_Eto-TCGGGTCGCAGT-1	0	0.04854137450456619
split2	PC9D0C-ATGTTCACGCCC-0	1	0.09651411324739456
split2	PC9Day3_Eto-CACATTCCCACT-1	0	0.06704802811145782
split2	PC9D0C-TTCTGGTCAAAA-0	1	0.20338398218154907
split2	PC9Day3_Eto-GACAGAACAACA-1	0	0.13578034937381744
split2	PC9Day3_Eto-TCATCCCCCTTT-1	0	0.03326497599482536
split2	PC9D0C-GATCGCCAACTA-0	1	0.736741304397583
split2	PC9Day3_Eto-GGCATTCCGTGT-1	0	0.08199755847454071
split2	PC9D0C-CAATTCCTTGGT-0	1	0.047697532922029495
split2	PC9D0C-TAAAGCGACGGT-0	1	0.13436461985111237
split2	PC9D0C-AATTGAGTCCGA-0	1	0.04582120105624199
split2	PC9D0C-CACAGAGCTGGG-0	1	0.042876094579696655
split2	PC9D0C-GTAGAGTCGAGG-0	1	0.0635785236954689
split2	PC9D0C-ATACTAGGCGCT-0	1	0.06486044079065323
split2	PC9Day3_Eto-ATCACTGACGCA-1	0	0.0907856822013855
split2	PC9D0C-AGGAAGTAGTTG-0	1	0.05179436504840851
split2	PC9D0C-GGCGCCGGCACT-0	1	0.08274771273136139
split2	PC9Day3_Eto-TTGCGAGCCTCG-1	0	0.09975256025791168
split2	PC9Day3_Eto-AATCCGAGGACC-1	0	0.4491400122642517
split2	PC9D0C-CACTGAGACCCC-0	1	0.17122966051101685
split2	PC9D0C-TGGAGCTAAAAC-0	1	0.055408548563718796
split2	PC9D0C-GTTCAGCCAAAA-0	1	0.7562324404716492
split2	PC9D0C-ACAAAGGAAGCC-0	1	0.2111576646566391
split2	PC9Day3_Eto-GCCGGGCCGACT-1	0	0.18680620193481445
split2	PC9D0C-AATTGGAAAAAG-0	1	0.08344971388578415
split2	PC9D0C-TCGGATCAGTGG-0	1	0.2023284137248993
split2	PC9Day3_Eto-CAAGAATCAAGT-1	0	0.07075968384742737
split2	PC9D0C-GTTTTTCCCATT-0	1	0.054220445454120636
split2	PC9D0C-TACTAAACTAGC-0	1	0.1642342507839203
split2	PC9D0C-CCGGCCAATCGA-0	1	0.37845712900161743
split2	PC9Day3_Eto-ACCCCCTTTCAT-1	0	0.14552980661392212
split2	PC9Day3_Eto-GGGCCACTCTCT-1	0	0.1913144588470459
split2	PC9D0C-AGATCACCCGGT-0	1	0.17834681272506714
split2	PC9Day3_Eto-CCTAATACCCGA-1	0	0.559514045715332
split2	PC9Day3_Eto-GTTAACACAAAC-1	0	0.037082474678754807
split2	PC9Day3_Eto-CCCACACCGCAG-1	0	0.2821502983570099
split2	PC9D0C-GCACCGCTTCTA-0	1	0.1412801295518875
split2	PC9Day3_Eto-ATCCACTAAGAN-1	0	0.22113151848316193
split2	PC9Day3_Eto-CCGCTCGGTGTA-1	0	0.06736981123685837
split3	PC9D0C-CGAGCCTTCGCC-0	1	0.2684778571128845
split3	PC9Day3_Eto-GCCGTAGTCATA-1	0	0.1896471083164215
split3	PC9D0C-TACGCGACATAG-0	1	0.28508132696151733
split3	PC9D0C-ACCGAACCCTGC-0	1	0.21219563484191895
split3	PC9D0C-CGATGAGCTAAT-0	1	0.1892390102148056
split3	PC9D0C-GCCGAATGTCGC-0	1	0.1717052161693573
split3	PC9D0C-GGAGCCCAACTG-0	1	0.18668816983699799
split3	PC9Day3_Eto-AAATTGCAGTTG-1	0	0.16500312089920044
split3	PC9Day3_Eto-TTCCGAGATATA-1	0	0.31420958042144775
split3	PC9D0C-CTTCGAGAGCCT-0	1	0.22842204570770264
split3	PC9D0C-CTCAATCTCCAG-0	1	0.2306324541568756
split3	PC9Day3_Eto-CGCCAGCCATAA-1	0	0.20965935289859772
split3	PC9D0C-CAACCGTTATAA-0	1	0.17069923877716064
split3	PC9Day3_Eto-CGTAGAAAAAGC-1	0	0.22526952624320984
split3	PC9Day3_Eto-GTTCGAGCCAAT-1	0	0.18804199993610382
split3	PC9D0C-ATACAACTGGGG-0	1	0.21752843260765076
split3	PC9D0C-TTACTAAGTAAC-0	1	0.24489185214042664
split3	PC9Day3_Eto-ACTGTCGACTAT-1	0	0.23978199064731598
split3	PC9D0C-TACGAGCAGAGT-0	1	0.19234924018383026
split3	PC9Day3_Eto-CTCCTTTATACA-1	0	0.218588724732399
split3	PC9D0C-AGTGAAATTAGA-0	1	0.28199487924575806
split3	PC9D0C-GAATTGAATTCA-0	1	0.19666631519794464
split3	PC9Day3_Eto-AGAACTTCACTG-1	0	0.20541858673095703
split3	PC9Day3_Eto-GTAGGTCCGCGC-1	0	0.219985231757164
split3	PC9Day3_Eto-CTTACGGATAAC-1	0	0.14600220322608948
split3	PC9D0C-ACGAGAAATGAG-0	1	0.1840401589870453
split3	PC9Day3_Eto-ACGGAGGGTAGC-1	0	0.18240629136562347
split3	PC9D0C-TCGATGATCTGC-0	1	0.19187848269939423
split3	PC9Day3_Eto-TAGTTACCACCC-1	0	0.19991956651210785
split3	PC9Day3_Eto-ACTCCAGCTAGA-1	0	0.1976412981748581
split3	PC9Day3_Eto-GTGATTAGATAG-1	0	0.20128262042999268
split3	PC9Day3_Eto-GTCCAGATTAGC-1	0	0.22770974040031433
split3	PC9D0C-TGATATGCCAGG-0	1	0.2447153776884079
split3	PC9D0C-GACTCAATCAGG-0	1	0.23956850171089172
split3	PC9D0C-TGGAGACTCATA-0	1	0.24434471130371094
split3	PC9Day3_Eto-TTGACCCCCATT-1	0	0.25203925371170044
split3	PC9Day3_Eto-GATAAAACATTG-1	0	0.2161785513162613
split3	PC9Day3_Eto-TTTTACAGCCTC-1	0	0.286314457654953
split3	PC9D0C-CAAGACCTTCCC-0	1	0.2357085794210434
split3	PC9D0C-TTGTACAGACCC-0	1	0.1801171600818634
split3	PC9Day3_Eto-CCCTGAATTACN-1	0	0.28158554434776306
split3	PC9D0C-AAGGGCAGTTGC-0	1	0.1774313896894455
split3	PC9Day3_Eto-AGATATTGCACT-1	0	0.2257343977689743
split3	PC9D0C-TGGTGGAACTAC-0	1	0.2803140878677368
split3	PC9D0C-CAGTAGACGTCT-0	1	0.3212827444076538
split3	PC9D0C-ACCTGACTACCG-0	1	0.25366106629371643
split3	PC9Day3_Eto-GACAGCCACCGT-1	0	0.22313232719898224
split3	PC9D0C-AATCCCCCTGTA-0	1	0.2085399180650711
split3	PC9D0C-GGCCCCCACAGC-0	1	0.18975253403186798
split3	PC9D0C-CAGGCCACGTCG-0	1	0.19069111347198486
split3	PC9D0C-AAACCACCCCTG-0	1	0.27891412377357483
split3	PC9D0C-TACCGAACTTCT-0	1	0.212324321269989
split3	PC9D0C-CTCCCAGTCTGG-0	1	0.23010925948619843
split3	PC9D0C-GGTATTTATTCT-0	1	0.26355135440826416
split3	PC9Day3_Eto-GTAGACCAACCT-1	0	0.28005480766296387
split3	PC9Day3_Eto-CATTTCTCCCCT-1	0	0.24971520900726318
split3	PC9Day3_Eto-TCAAGATCTCGG-1	0	0.2490595281124115
split3	PC9Day3_Eto-GACATACGAAGT-1	0	0.19251301884651184
split3	PC9Day3_Eto-ACGGCCGCTTAN-1	0	0.1977314054965973
split3	PC9D0C-TGAGTTTATTGT-0	1	0.16812817752361298
split3	PC9Day3_Eto-TTGCATGCACTA-1	0	0.19271555542945862
split3	PC9D0C-ATGATGTTGATA-0	1	0.2184031903743744
split3	PC9D0C-TTGCCGAAACTT-0	1	0.21614030003547668
split3	PC9Day3_Eto-TGATAAAAAAGA-1	0	0.1846342384815216
split3	PC9D0C-TTGCGAGCCTAT-0	1	0.3096173107624054
split3	PC9D0C-CCACGTATACTT-0	1	0.26514914631843567
split3	PC9D0C-CGCGTGCCGCAC-0	1	0.24078068137168884
split3	PC9D0C-GGTGTGATCGAA-0	1	0.23847992718219757
split3	PC9Day3_Eto-CAGCAGAATGCG-1	0	0.18114349246025085
split3	PC9D0C-AATGGCGGGCGG-0	1	0.17902493476867676
split3	PC9Day3_Eto-AGTACTAGACTC-1	0	0.22410042583942413
split3	PC9D0C-GGGCCCCACAGC-0	1	0.21942119300365448
split3	PC9Day3_Eto-TAACCGCGGTTC-1	0	0.20692257583141327
split3	PC9Day3_Eto-TACCATGTATCG-1	0	0.15739695727825165
split3	PC9D0C-GCCGCCGGCACT-0	1	0.24985916912555695
split3	PC9Day3_Eto-AGTCATATAGCG-1	0	0.19486846029758453
split3	PC9Day3_Eto-CGAACCGTTTGT-1	0	0.1784033477306366
split3	PC9D0C-ATTCCAAGAGCA-0	1	0.20324315130710602
split3	PC9D0C-CTATTACGCCGT-0	1	0.26635023951530457
split3	PC9Day3_Eto-ATCGTCAGCACT-1	0	0.19285506010055542
split3	PC9D0C-ATATCGCCCCTG-0	1	0.15072490274906158
split3	PC9D0C-GATCGGAACAGC-0	1	0.19838054478168488
split3	PC9Day3_Eto-GAGGTCCCCAGA-1	0	0.17297206819057465
split3	PC9Day3_Eto-AGGAGAGAATTT-1	0	0.22791875898838043
split3	PC9D0C-TGAGTCGCGCCG-0	1	0.2140473872423172
split3	PC9D0C-ATAGGGGGACTG-0	1	0.24394898116588593
split3	PC9D0C-CTTCGGCGCCTN-0	1	0.19149203598499298
split3	PC9Day3_Eto-GTATTATCCTCC-1	0	0.2818495035171509
split3	PC9D0C-TCCGCCACGACN-0	1	0.2481304556131363
split3	PC9D0C-TTCTCTCCGATA-0	1	0.24044661223888397
split3	PC9D0C-TATTATGGTCTA-0	1	0.24377568066120148
split3	PC9D0C-CTCGGTCAGGGN-0	1	0.19331751763820648
split3	PC9D0C-GGCTACGTCAGC-0	1	0.2335016429424286
split3	PC9D0C-GCAGGAGACTAT-0	1	0.1652003973722458
split3	PC9D0C-GGAGTATACTTG-0	1	0.25444191694259644
split3	PC9D0C-GAAGGTCGGGTT-0	1	0.23986349999904633
split3	PC9D0C-CCCGTGATATGN-0	1	0.27108678221702576
split3	PC9D0C-ACATCGCCGATG-0	1	0.26764336228370667
split3	PC9D0C-AGCACCTTGAGC-0	1	0.19846467673778534
split3	PC9Day3_Eto-CGAGCGCAACAN-1	0	0.1786029040813446
split3	PC9D0C-CGGCCCCCCAAC-0	1	0.23308144509792328
split3	PC9Day3_Eto-ATTTGAGATTGG-1	0	0.19723258912563324
split3	PC9D0C-TAGATTACAGCN-0	1	0.21300601959228516
split3	PC9D0C-AGGTAGGTAACC-0	1	0.2263718694448471
split3	PC9D0C-CAGCAACCCAGT-0	1	0.22843730449676514
split3	PC9D0C-AGTGGAATTAAA-0	1	0.20026788115501404
split3	PC9Day3_Eto-TGAAGCCCCTTG-1	0	0.19754290580749512
split3	PC9Day3_Eto-GGCATATGCCGT-1	0	0.17320801317691803
split3	PC9Day3_Eto-GTGGATAGTCTG-1	0	0.18300390243530273
split3	PC9Day3_Eto-AACGCAAGACCT-1	0	0.22274556756019592
split3	PC9Day3_Eto-CCTCGAGATTAT-1	0	0.2405308336019516
split3	PC9Day3_Eto-GCGGCAGCTTGC-1	0	0.18979190289974213
split3	PC9D0C-CTCTAAACGGGG-0	1	0.1925971657037735
split3	PC9Day3_Eto-TATTGCACTTGG-1	0	0.22226709127426147
split3	PC9D0C-GATGTGGTACCC-0	1	0.21220700442790985
split3	PC9D0C-CACTTTAACCTT-0	1	0.21525125205516815
split3	PC9D0C-CACCGAGCAAAC-0	1	0.2739447057247162
split3	PC9D0C-CAACATCGTCGA-0	1	0.21560318768024445
split3	PC9Day3_Eto-CCTCTGAGACCT-1	0	0.19145676493644714
split3	PC9D0C-ACATCGCCGGTG-0	1	0.18265850841999054
split3	PC9D0C-CCCGCCCCCCAG-0	1	0.15580742061138153
split3	PC9Day3_Eto-AAAATCCGTCTG-1	0	0.2077096551656723
split3	PC9D0C-GGGGCCCAACTG-0	1	0.15989364683628082
split3	PC9D0C-TCGGAACCCCCC-0	1	0.18641075491905212
split3	PC9Day3_Eto-AGATTCACTTAC-1	0	0.17000852525234222
split3	PC9D0C-GGACCCTATTTC-0	1	0.28656649589538574
split3	PC9D0C-ATCGCGCTGATC-0	1	0.21353381872177124
split3	PC9D0C-AATTAACCGGTG-0	1	0.21897536516189575
split3	PC9D0C-AATGTGCCCAGC-0	1	0.2233036458492279
split3	PC9Day3_Eto-ATAGCTACCGAA-1	0	0.20516231656074524
split3	PC9D0C-CCCATCGGCATT-0	1	0.2244780957698822
split3	PC9Day3_Eto-AATCGGCTGACC-1	0	0.277951180934906
split3	PC9D0C-ACTTGTCTCAAA-0	1	0.20585720241069794
split3	PC9D0C-AGACTAGCAAAG-0	1	0.23656323552131653
split3	PC9Day3_Eto-TTTATTTCTCCC-1	0	0.17827431857585907
split3	PC9D0C-AAGCACATACAA-0	1	0.22603699564933777
split3	PC9D0C-CCGTAAGCTGCT-0	1	0.22305893898010254
split3	PC9D0C-CGCTCATGGGAT-0	1	0.3269522190093994
split3	PC9D0C-GGACCCTAGACC-0	1	0.26582586765289307
split3	PC9Day3_Eto-AATTCTACCATT-1	0	0.22715793550014496
split3	PC9D0C-GCTTCGACCAGG-0	1	0.22295427322387695
split3	PC9Day3_Eto-CATCATCACGTC-1	0	0.1986376941204071
split3	PC9D0C-ATACTAGGCACT-0	1	0.2398490160703659
split3	PC9Day3_Eto-GAGCGACTATGA-1	0	0.16530634462833405
split3	PC9Day3_Eto-TCATTGCATTGC-1	0	0.1652698963880539
split3	PC9D0C-GTGGATCCGACG-0	1	0.2049618512392044
split3	PC9D0C-GCCTTTAGGCAT-0	1	0.22546017169952393
split3	PC9Day3_Eto-CCACGATTGTGA-1	0	0.198502317070961
split3	PC9Day3_Eto-CCTGTCAAAACC-1	0	0.2628350853919983
split3	PC9Day3_Eto-CTCTACAAGCGT-1	0	0.16805951297283173
split3	PC9D0C-ACTGAGAGTACN-0	1	0.18708817660808563
split3	PC9Day3_Eto-AGGGATAAACAA-1	0	0.2679203450679779
split3	PC9D0C-TTCATTTGTTCA-0	1	0.25026121735572815
split3	PC9D0C-GAGTCTTGATCN-0	1	0.24400414526462555
split3	PC9Day3_Eto-TTTCTAGGACAA-1	0	0.18459942936897278
split3	PC9Day3_Eto-TCTCATGGCTCG-1	0	0.1939539760351181
split3	PC9Day3_Eto-TCGATGGATCAT-1	0	0.19069749116897583
split3	PC9D0C-CAGATAAGTCTG-0	1	0.1851930320262909
split3	PC9Day3_Eto-ACGCTTCGATGT-1	0	0.22378680109977722
split3	PC9D0C-TTCTGATACAAG-0	1	0.18287916481494904
split3	PC9D0C-GTGTCAATCATA-0	1	0.21673300862312317
split3	PC9D0C-TACGCTTACTAN-0	1	0.19854043424129486
split3	PC9D0C-ATACCGATCATC-0	1	0.2797335088253021
split3	PC9Day3_Eto-CAGATAGAATAT-1	0	0.24604855477809906
split3	PC9D0C-GTTCACAACCCG-0	1	0.18908604979515076
split3	PC9Day3_Eto-TGCCTGACCGGG-1	0	0.3560945689678192
split3	PC9Day3_Eto-ATAGAGAACATC-1	0	0.1811312437057495
split3	PC9Day3_Eto-TAATAAATTCCA-1	0	0.18351377546787262
split3	PC9D0C-AAAGCACATGGC-0	1	0.23904763162136078
split3	PC9D0C-CTGCTTCAGTGC-0	1	0.28526273369789124
split3	PC9Day3_Eto-CCCATAGGTTTC-1	0	0.19862841069698334
split3	PC9Day3_Eto-CATGTCGCCAAT-1	0	0.23214536905288696
split3	PC9D0C-TATAGCCTGTTA-0	1	0.15401645004749298
split3	PC9D0C-TATATTGACTCT-0	1	0.1837199330329895
split3	PC9Day3_Eto-CCCTGGAACGGC-1	0	0.25586360692977905
split3	PC9D0C-CTCACACGCACT-0	1	0.21585562825202942
split3	PC9D0C-GTAAGCGCGTGG-0	1	0.20801636576652527
split3	PC9D0C-AACTGATGCCAG-0	1	0.18559043109416962
split3	PC9Day3_Eto-CCTCATACCCGA-1	0	0.18062162399291992
split3	PC9Day3_Eto-GATGATCAATAC-1	0	0.17778204381465912
split3	PC9D0C-CAGGCAATCGTG-0	1	0.2948223352432251
split3	PC9Day3_Eto-TCGCTCAGCCTT-1	0	0.23268641531467438
split3	PC9Day3_Eto-GGCTCGGTCCAT-1	0	0.18420355021953583
split3	PC9Day3_Eto-GCGACATTCAAG-1	0	0.2072536051273346
split3	PC9Day3_Eto-CAATTTCGCGGA-1	0	0.30619361996650696
split3	PC9Day3_Eto-TGATAAAAAGGA-1	0	0.2110724002122879
split3	PC9Day3_Eto-AAGTACAGGTAC-1	0	0.23287203907966614
split3	PC9Day3_Eto-TATAATATTTGA-1	0	0.19438381493091583
split3	PC9D0C-GGTTATGGCCTT-0	1	0.21948307752609253
split3	PC9D0C-CTACAGCCGCCT-0	1	0.21453437209129333
split3	PC9Day3_Eto-TGGCACCCTTTT-1	0	0.19424140453338623
split3	PC9D0C-AATCTTGAAAGG-0	1	0.24524341523647308
split3	PC9Day3_Eto-GGACTATATTTG-1	0	0.1793036311864853
split3	PC9Day3_Eto-ATTGCACTAGTT-1	0	0.2236679196357727
split3	PC9Day3_Eto-GCACCCACACTG-1	0	0.19898194074630737
split3	PC9D0C-GGCGACTCAATA-0	1	0.178502157330513
split3	PC9Day3_Eto-TTGCTAACACCG-1	0	0.2551511526107788
split3	PC9D0C-CATATGGGACAA-0	1	0.2297600954771042
split3	PC9Day3_Eto-CCAGCAAGTAGC-1	0	0.2736387550830841
split3	PC9Day3_Eto-TGGGCAGGGTAC-1	0	0.18980398774147034
split3	PC9Day3_Eto-AAAGCTAACGGG-1	0	0.19197487831115723
split3	PC9Day3_Eto-CTTGCGGCAACC-1	0	0.19792579114437103
split3	PC9D0C-GCGACTCGCATC-0	1	0.1431615650653839
split3	PC9D0C-ACAAAGGAAACC-0	1	0.1821158528327942
split3	PC9Day3_Eto-ATCCCAGCCCAA-1	0	0.22027163207530975
split3	PC9D0C-CACCCCCAAACA-0	1	0.24489283561706543
split3	PC9Day3_Eto-GACCCCCCGCCC-1	0	0.17696979641914368
split3	PC9Day3_Eto-TTCCGATAATTT-1	0	0.2201644629240036
split3	PC9Day3_Eto-GGGCCGCCTGAT-1	0	0.2440698891878128
split3	PC9D0C-CTCGGTCAGAGN-0	1	0.23988796770572662
split3	PC9D0C-AATTAAGGTGGG-0	1	0.20076985657215118
split3	PC9Day3_Eto-ATCCACTAGGAN-1	0	0.24001404643058777
split3	PC9D0C-CCAGGAGACTAT-0	1	0.16773538291454315
split3	PC9D0C-GCGGAGCAGCGC-0	1	0.19202269613742828
split3	PC9Day3_Eto-AATTTAGACTTT-1	0	0.2400941401720047
split3	PC9Day3_Eto-CCTAAGCCTTAA-1	0	0.21754837036132812
split3	PC9Day3_Eto-CCTGACTCCCTC-1	0	0.1946023404598236
split3	PC9D0C-GATTGGAACCGA-0	1	0.27816465497016907
split3	PC9Day3_Eto-TTTTCGTTCCCA-1	0	0.1584937870502472
split3	PC9D0C-CCACAACCGGGA-0	1	0.23955115675926208
split3	PC9D0C-CGTATCCTCAAC-0	1	0.22655335068702698
split3	PC9D0C-AGTGTACGCAAC-0	1	0.19063670933246613
split3	PC9D0C-ACCCACCCATGG-0	1	0.2353382110595703
split3	PC9D0C-ACCATCGATTGG-0	1	0.23090580105781555
split3	PC9D0C-CGAAAGCCCGCA-0	1	0.2092679738998413
split3	PC9D0C-GCCCGGGGAAGT-0	1	0.20257382094860077
split3	PC9Day3_Eto-TCCGGTGTTACG-1	0	0.22936975955963135
split3	PC9Day3_Eto-AGTCAACCAAAC-1	0	0.15516074001789093
split3	PC9Day3_Eto-CGTTAGATAGTT-1	0	0.2458351105451584
split3	PC9Day3_Eto-ACTCCGAAAGAG-1	0	0.22830229997634888
split3	PC9D0C-AGACACTTCGTG-0	1	0.2163623720407486
split3	PC9Day3_Eto-CTCTCGTACCCN-1	0	0.2937752902507782
split3	PC9Day3_Eto-ACATGAATGGGT-1	0	0.16158801317214966
split3	PC9D0C-TTCGTCACGTTT-0	1	0.21351121366024017
split3	PC9Day3_Eto-GGCAAACGGATC-1	0	0.25149789452552795
split3	PC9Day3_Eto-CTGATCATAAGA-1	0	0.20843714475631714
split3	PC9Day3_Eto-CAGGCGCAAACT-1	0	0.21428096294403076
split3	PC9Day3_Eto-ACCTCAACATGT-1	0	0.15967608988285065
split3	PC9D0C-TCTATCTCAAAA-0	1	0.2630942165851593
split3	PC9D0C-TACCACCGGACT-0	1	0.25010016560554504
split3	PC9D0C-GTACGGTTCGTG-0	1	0.21096907556056976
split3	PC9D0C-ACCCAGACCAGT-0	1	0.2752920985221863
split3	PC9Day3_Eto-AATTAGACAATT-1	0	0.21831563115119934
split3	PC9D0C-AGGTAGGTAGCC-0	1	0.20854634046554565
split3	PC9Day3_Eto-CGGCAGCTCAGC-1	0	0.24549226462841034
split3	PC9D0C-CCCCGGGGAAGT-0	1	0.19729560613632202
split3	PC9Day3_Eto-CCTTTAACGAGT-1	0	0.25094088912010193
split3	PC9Day3_Eto-ATCGTCAGCGCT-1	0	0.22375717759132385
split3	PC9D0C-ATGGAGTGAAGC-0	1	0.20806734263896942
split3	PC9Day3_Eto-TCCTAACAAAGG-1	0	0.1525527685880661
split3	PC9D0C-AACCTCACCTCA-0	1	0.23464156687259674
split3	PC9Day3_Eto-GCGACAACCGTG-1	0	0.21923330426216125
split3	PC9D0C-AGTGATGACCGG-0	1	0.22295132279396057
split3	PC9Day3_Eto-TTCTTTTAAGTG-1	0	0.1531219482421875
split3	PC9Day3_Eto-TACCCATCTTTA-1	0	0.272894948720932
split3	PC9Day3_Eto-ACCAACAGTAAA-1	0	0.19765624403953552
split3	PC9D0C-TACTCTGATATT-0	1	0.2653457522392273
split3	PC9D0C-GGCACTTTTAAG-0	1	0.14030659198760986
split3	PC9Day3_Eto-GTTAACACAGAC-1	0	0.18988339602947235
split3	PC9D0C-ATATCTCGATCT-0	1	0.24117907881736755
split3	PC9D0C-GTTGGATTTGTN-0	1	0.22658798098564148
split3	PC9D0C-GCAGGCGGCAGC-0	1	0.24932646751403809
split3	PC9D0C-CAGTCATTTCAN-0	1	0.1312776803970337
split3	PC9D0C-CGTGCAGGCTTG-0	1	0.21385565400123596
split3	PC9Day3_Eto-GTATTAATGCAA-1	0	0.16856649518013
split3	PC9D0C-TTTTACCCTAAG-0	1	0.21417522430419922
split3	PC9Day3_Eto-GGTTCGTCCTAA-1	0	0.19585266709327698
split3	PC9Day3_Eto-CTAGTAACGTAT-1	0	0.3028152585029602
split3	PC9D0C-GATTTGGAGCTG-0	1	0.216166689991951
split3	PC9D0C-AGCGTGACCATG-0	1	0.23772123456001282
split3	PC9D0C-CTTGACCCCGAA-0	1	0.2120959609746933
split3	PC9Day3_Eto-TGACTTGCATCT-1	0	0.21601590514183044
split3	PC9D0C-GCACGAAAGCAG-0	1	0.2920237183570862
split3	PC9D0C-TAACAAAAGAGN-0	1	0.19032663106918335
split3	PC9D0C-AAAGCTGCACAN-0	1	0.2549999952316284
split3	PC9D0C-GACGTCTATAAT-0	1	0.17770349979400635
split3	PC9Day3_Eto-GACATGAAGTTG-1	0	0.2324446588754654
split3	PC9D0C-TCAAATTTTACT-0	1	0.27185818552970886
split3	PC9Day3_Eto-ATTTGTGTGAAT-1	0	0.218910813331604
split4	PC9D0C-TATCGAAATGCT-0	1	0.10668474435806274
split4	PC9Day3_Eto-ATATTTTTCTGC-1	0	0.0530090406537056
split4	PC9D0C-AATCTTGAAGGG-0	1	0.06625475734472275
split4	PC9Day3_Eto-TCACAACCCGGC-1	0	0.05172545462846756
split4	PC9Day3_Eto-CGCATATAGTGA-1	0	0.03217383474111557
split4	PC9D0C-CATAGTGGTTAA-0	1	0.1230519488453865
split4	PC9D0C-AGATTATCCTAT-0	1	0.17242702841758728
split4	PC9Day3_Eto-TCACGGGCCCAC-1	0	0.08357451111078262
split4	PC9D0C-GAGATGACTATA-0	1	0.09583217650651932
split4	PC9Day3_Eto-CGGAAGCTGAGA-1	0	0.06036942079663277
split4	PC9D0C-AACGGAGTAGAA-0	1	0.09024538099765778
split4	PC9D0C-CAGTATCAAAAG-0	1	0.23789414763450623
split4	PC9Day3_Eto-GGGACGCCTAAT-1	0	0.0818052589893341
split4	PC9D0C-AACGACGCTTTN-0	1	0.10773050040006638
split4	PC9D0C-CCCCCCCAAGCA-0	1	0.0530523844063282
split4	PC9D0C-GCGCTACAATAA-0	1	0.08264398574829102
split4	PC9Day3_Eto-TGACGAACCAAC-1	0	0.025414349511265755
split4	PC9D0C-GGAAGTCCTGCG-0	1	0.0870894342660904
split4	PC9Day3_Eto-GTGATATGACGC-1	0	0.055472563952207565
split4	PC9D0C-AGGCGCCTTTAT-0	1	0.11768873035907745
split4	PC9D0C-CCACATCCTCGT-0	1	0.05083122476935387
split4	PC9Day3_Eto-CACCCTCTCCTA-1	0	0.09743986278772354
split4	PC9Day3_Eto-GAGTTCATGATC-1	0	0.09108898788690567
split4	PC9D0C-TTCCTGCTAGAA-0	1	0.09223710745573044
split4	PC9Day3_Eto-TCCGGTGTTGCG-1	0	0.11172974109649658
split4	PC9Day3_Eto-GTTGTGCCGAAT-1	0	0.06446556001901627
split4	PC9D0C-CAATTGCACCTC-0	1	0.0917416587471962
split4	PC9Day3_Eto-TAGTCGCATTTN-1	0	0.03617562726140022
split4	PC9Day3_Eto-ACACCAGCGCCT-1	0	0.036450181156396866
split4	PC9D0C-ACGCAGGTTGAC-0	1	0.07962304353713989
split4	PC9D0C-AGCACCTTGGGC-0	1	0.10618887096643448
split4	PC9Day3_Eto-CTCACCTAACTC-1	0	0.08184271305799484
split4	PC9D0C-CGTCCGGCGATC-0	1	0.12326031923294067
split4	PC9D0C-TGACATTATATG-0	1	0.06627977639436722
split4	PC9D0C-GTAATAAGTGCC-0	1	0.12491019815206528
split4	PC9D0C-CAGGATCTATTA-0	1	0.05057409033179283
split4	PC9Day3_Eto-TTAAGTGGCTCT-1	0	0.051890164613723755
split4	PC9Day3_Eto-GATTAACACCTC-1	0	0.03436069190502167
split4	PC9Day3_Eto-GGCGGCAAACCC-1	0	0.0499441884458065
split4	PC9D0C-GAGCATGGGAGG-0	1	0.0773487314581871
split4	PC9D0C-TCACTTTCACGG-0	1	0.06327444314956665
split4	PC9Day3_Eto-GGCCAACTCCCG-1	0	0.09011504054069519
split4	PC9D0C-ACCCGGGGAAGT-0	1	0.07435324788093567
split4	PC9Day3_Eto-ACCTCTTCATTT-1	0	0.05992555245757103
split4	PC9D0C-ACTTAGGCCGCA-0	1	0.12351870536804199
split4	PC9Day3_Eto-ATGTTGAGCACG-1	0	0.10301944613456726
split4	PC9D0C-TCCGCATTGACT-0	1	0.09105140715837479
split4	PC9D0C-AGGGCCCTCTAT-0	1	0.18898826837539673
split4	PC9Day3_Eto-AAGTCTCGAGAG-1	0	0.17200306057929993
split4	PC9Day3_Eto-ACCAACAGTGAA-1	0	0.04271230101585388
split4	PC9D0C-GCTCCCCACAGC-0	1	0.16006314754486084
split4	PC9D0C-CACACGAGCTCA-0	1	0.110561802983284
split4	PC9Day3_Eto-TAGCCTCGACAG-1	0	0.10364500433206558
split4	PC9Day3_Eto-CATCACGCCTGC-1	0	0.054665543138980865
split4	PC9Day3_Eto-GCTCTGGTTACG-1	0	0.20240752398967743
split4	PC9D0C-ACGGTACTCTAC-0	1	0.0678572952747345
split4	PC9Day3_Eto-ACCGCACGTGAA-1	0	0.13044235110282898
split4	PC9Day3_Eto-TGCCGATCATTT-1	0	0.14465226233005524
split4	PC9Day3_Eto-GAAGCTGGTGTT-1	0	0.06570487469434738
split4	PC9D0C-TCGGTGCAACAG-0	1	0.08215539157390594
split4	PC9D0C-TACGCTTAATAN-0	1	0.14506258070468903
split4	PC9D0C-AACGGACGGAAG-0	1	0.13162851333618164
split4	PC9Day3_Eto-GCGTCATCGCAC-1	0	0.0856681615114212
split4	PC9Day3_Eto-GACATGGCTCAA-1	0	0.02354026585817337
split4	PC9Day3_Eto-TGCCATATTGTN-1	0	0.056867148727178574
split4	PC9Day3_Eto-CAGGCTGCCCTT-1	0	0.14638566970825195
split4	PC9Day3_Eto-AAGTCTCGAAAG-1	0	0.07433893531560898
split4	PC9Day3_Eto-CCAAGAGAGCTC-1	0	0.04081728309392929
split4	PC9Day3_Eto-AATAAATTTAAT-1	0	0.025673937052488327
split4	PC9D0C-GTTTTTCCCGTT-0	1	0.0691775307059288
split4	PC9Day3_Eto-CGCACCGACAAG-1	0	0.16779766976833344
split4	PC9D0C-ATCTCGAATGTG-0	1	0.04713965207338333
split4	PC9D0C-CTATGGGTCTAA-0	1	0.1484398990869522
split4	PC9Day3_Eto-TGATTTATGCAA-1	0	0.12363763898611069
split4	PC9D0C-TACACCCAGTCA-0	1	0.1896752268075943
split4	PC9D0C-GCCTGCACACCT-0	1	0.14926967024803162
split4	PC9Day3_Eto-GCCCTACCTCAT-1	0	0.01160893402993679
split4	PC9D0C-TACGGAGCCCGG-0	1	0.08433010429143906
split4	PC9D0C-AGCACGTGCATT-0	1	0.057152438908815384
split4	PC9Day3_Eto-GGGACCGCGTCN-1	0	0.061260391026735306
split4	PC9D0C-TTAGTGAAGTGA-0	1	0.04411160200834274
split4	PC9D0C-GCCGGACCAAAC-0	1	0.0746966302394867
split4	PC9Day3_Eto-AACCTAAAATCG-1	0	0.03925805538892746
split4	PC9D0C-GACCGTTATCAA-0	1	0.11019111424684525
split4	PC9D0C-GCCGATCGTATC-0	1	0.16321679949760437
split4	PC9D0C-GTCGAACAACCT-0	1	0.09029843658208847
split4	PC9Day3_Eto-AACCCTACTTGT-1	0	0.07163198292255402
split4	PC9D0C-GATTTTGAGTTA-0	1	0.11624691635370255
split4	PC9D0C-ACAGGAACGTGG-0	1	0.11039546877145767
split4	PC9D0C-CATCCCCCATGA-0	1	0.1134532243013382
split4	PC9Day3_Eto-GTAGACAACTGA-1	0	0.08570892363786697
split4	PC9D0C-AACGCCGCTTTN-0	1	0.13357344269752502
split4	PC9D0C-CCGGGAAGGTCG-0	1	0.0981651023030281
split4	PC9Day3_Eto-TGGTTGGTCTCT-1	0	0.10059793293476105
split4	PC9Day3_Eto-ATCAGATAAACT-1	0	0.05041072890162468
split4	PC9Day3_Eto-TGTCCGCGTCCT-1	0	0.12350931018590927
split4	PC9Day3_Eto-GTACACGCCTCT-1	0	0.059173449873924255
split4	PC9Day3_Eto-AAAACTCCCGTC-1	0	0.055829424411058426
split4	PC9Day3_Eto-TCAGATTTCAAT-1	0	0.06397300213575363
split4	PC9D0C-ATATTACACAGC-0	1	0.06013593450188637
split4	PC9D0C-CCGAAAGCCATT-0	1	0.1396264284849167
split4	PC9D0C-TCCCAACAGCGG-0	1	0.09568970650434494
split4	PC9Day3_Eto-TCAACATTTTGG-1	0	0.04917792230844498
split4	PC9D0C-AATTCAACCTTA-0	1	0.09034426510334015
split4	PC9Day3_Eto-ATCCCAGTCTAG-1	0	0.10891702771186829
split4	PC9D0C-GGAGGCGACCGA-0	1	0.09066835790872574
split4	PC9D0C-TTGGGACACCGA-0	1	0.10063901543617249
split4	PC9Day3_Eto-TAGTAACCCAGC-1	0	0.07660461217164993
split4	PC9D0C-GGGTTACCCTCT-0	1	0.14348658919334412
split4	PC9D0C-GTTGTCGTCATG-0	1	0.11010965704917908
split4	PC9D0C-TATAGAACACGG-0	1	0.1710003763437271
split4	PC9Day3_Eto-CCACCATACAGC-1	0	0.06713750213384628
split4	PC9D0C-CCCTTTCCACCA-0	1	0.1204909086227417
split4	PC9D0C-GCATTAATTAGT-0	1	0.07751629501581192
split4	PC9D0C-GTGCGTAACATC-0	1	0.14429379999637604
split4	PC9Day3_Eto-GTGTCAAGCATA-1	0	0.09271954745054245
split4	PC9D0C-GTTGGTTCACAA-0	1	0.09498701989650726
split4	PC9D0C-TGGAGACTCGTA-0	1	0.15198345482349396
split4	PC9Day3_Eto-CGTCTTCGGCTA-1	0	0.12733350694179535
split4	PC9D0C-TCCAGTAGCCGT-0	1	0.0665864571928978
split4	PC9Day3_Eto-TGCTTCACAGCC-1	0	0.09315719455480576
split4	PC9D0C-CTAGGTCCTTCG-0	1	0.07850285619497299
split4	PC9D0C-TAAAGCTCCAAT-0	1	0.11858601868152618
split4	PC9Day3_Eto-GTACGGTGCCGG-1	0	0.033303022384643555
split4	PC9Day3_Eto-ATCCTCTAAGCT-1	0	0.10236441344022751
split4	PC9D0C-TGGCCTGTTTCC-0	1	0.10583039373159409
split4	PC9D0C-TCTCAGTTAACT-0	1	0.20553691685199738
split4	PC9Day3_Eto-CGTTAGATAATT-1	0	0.07754842191934586
split4	PC9D0C-CTTTGTTCATGA-0	1	0.1391419619321823
split4	PC9Day3_Eto-TCGCATGACAGC-1	0	0.14050665497779846
split4	PC9Day3_Eto-AATTACATGGCC-1	0	0.06485523283481598
split4	PC9Day3_Eto-CTCCTAGGCCAA-1	0	0.03507533669471741
split4	PC9D0C-TTTCATATTTGT-0	1	0.19783984124660492
split4	PC9Day3_Eto-TAGGCTTTGTGA-1	0	0.07989228516817093
split4	PC9D0C-CCCGGCGTAAAT-0	1	0.19246390461921692
split4	PC9D0C-TGACATCACTAG-0	1	0.12827247381210327
split4	PC9D0C-CGATGAGCTGAT-0	1	0.07446981221437454
split4	PC9Day3_Eto-ATCACTGACACA-1	0	0.11623397469520569
split4	PC9Day3_Eto-ACCCGCTTGCAC-1	0	0.09319232404232025
split4	PC9Day3_Eto-GATCCGGACTCA-1	0	0.08571368455886841
split4	PC9Day3_Eto-TAGATGGGGATC-1	0	0.08245432376861572
split4	PC9D0C-TGCTTCCATAGG-0	1	0.08475489914417267
split4	PC9Day3_Eto-AAAGGGTGTGTG-1	0	0.057627711445093155
split4	PC9Day3_Eto-GTTCTGTATTGG-1	0	0.04830777645111084
split4	PC9Day3_Eto-TACTCAAAGACN-1	0	0.1250000298023224
split4	PC9D0C-CTGATTGGTTGA-0	1	0.16484695672988892
split4	PC9D0C-ACAGAACATATA-0	1	0.2218308001756668
split4	PC9Day3_Eto-CGCACCGACGAG-1	0	0.13153663277626038
split4	PC9D0C-AGACATCATGTN-0	1	0.13469839096069336
split4	PC9Day3_Eto-TCTATCATGCTC-1	0	0.11486244201660156
split4	PC9Day3_Eto-TACCGTTGACAG-1	0	0.09026390314102173
split4	PC9Day3_Eto-GACCTTCTAGGT-1	0	0.12044507265090942
split4	PC9D0C-CGGACCCCCAAC-0	1	0.16144171357154846
split4	PC9Day3_Eto-GTTTTAATCATA-1	0	0.09108319133520126
split4	PC9Day3_Eto-CTCTCGTACACN-1	0	0.06611789017915726
split4	PC9D0C-ATCATCGTAAAC-0	1	0.05768469348549843
split4	PC9D0C-CGCATTGCGGTC-0	1	0.11366480588912964
split4	PC9D0C-CATACGTTTCTG-0	1	0.07524634897708893
split4	PC9D0C-TTTTTGCGTGTT-0	1	0.04404868558049202
split4	PC9Day3_Eto-AAGCCACTAACT-1	0	0.09469161927700043
split4	PC9D0C-CTTAGCCCACTA-0	1	0.055904321372509
split4	PC9Day3_Eto-TTCCTATTTTTC-1	0	0.028633106499910355
split4	PC9D0C-AGCACGTGCGTT-0	1	0.059350933879613876
split4	PC9D0C-GGCTTCCGACCT-0	1	0.25268903374671936
split4	PC9D0C-GGCTTGGACTCA-0	1	0.16882716119289398
split4	PC9Day3_Eto-AAGCAATACCGC-1	0	0.14713795483112335
split4	PC9Day3_Eto-GCATCCCAACAN-1	0	0.13012507557868958
split4	PC9D0C-TACTGAAACCTT-0	1	0.059375911951065063
split4	PC9D0C-AGCTTGGACTCA-0	1	0.142889142036438
split4	PC9D0C-GCTCCCCACGGC-0	1	0.13376116752624512
split4	PC9D0C-GGCGGTCATTCT-0	1	0.23054493963718414
split4	PC9D0C-GCTTCTTCTTGN-0	1	0.08963439613580704
split4	PC9Day3_Eto-CTATTACAATGG-1	0	0.03067605011165142
split4	PC9Day3_Eto-AACTCTCAGCCC-1	0	0.06313127279281616
split4	PC9Day3_Eto-AAGCCGCTGGAG-1	0	0.06265498697757721
split4	PC9D0C-GGTTATCATCCT-0	1	0.2042291909456253
split4	PC9Day3_Eto-GAGTCGGTCGGC-1	0	0.0775521844625473
split4	PC9Day3_Eto-CCGCATTGATCA-1	0	0.1550351083278656
split4	PC9D0C-GAGCATGGGGGG-0	1	0.12032157927751541
split4	PC9D0C-TGAAAAATATTG-0	1	0.1792348027229309
split4	PC9D0C-AGCGTGACCGTG-0	1	0.06431102752685547
split4	PC9D0C-AGGCGAGCGCAT-0	1	0.02647467330098152
split4	PC9Day3_Eto-GTGGCTCTTTGT-1	0	0.052800558507442474
split4	PC9D0C-TTCCACCCCATG-0	1	0.08516284823417664
split4	PC9D0C-CACCACTATCTA-0	1	0.1185225248336792
split4	PC9D0C-GCAACCCCAAGN-0	1	0.10211117565631866
split4	PC9D0C-ACGAGAAATAAG-0	1	0.06866071373224258
split4	PC9Day3_Eto-AGCGTGCTATAN-1	0	0.05994940549135208
split4	PC9Day3_Eto-AGGCTTCACCGT-1	0	0.08622211962938309
split4	PC9Day3_Eto-TTCACAGTTCAA-1	0	0.05279092490673065
split4	PC9Day3_Eto-CATTCCGTTCTC-1	0	0.05171477794647217
split4	PC9Day3_Eto-GTCAACTTAATC-1	0	0.02934418059885502
split4	PC9D0C-GGAAGTCCTACG-0	1	0.13630351424217224
split4	PC9D0C-GCCATTCCTCTC-0	1	0.11436890810728073
split4	PC9Day3_Eto-TTTTTTAGGTCG-1	0	0.0556391142308712
split4	PC9Day3_Eto-ATGTCGGAGTCT-1	0	0.09006635844707489
split4	PC9D0C-CACCAATCTCGC-0	1	0.13359010219573975
split4	PC9Day3_Eto-TGAATTCGAAAN-1	0	0.0767461508512497
split4	PC9Day3_Eto-GAATTTTATTAC-1	0	0.11408478766679764
split4	PC9Day3_Eto-TATCCTGTTCCT-1	0	0.06493721902370453
split4	PC9D0C-AAACCGAAAAGG-0	1	0.03515815734863281
split4	PC9D0C-CCCCCCAGAGGG-0	1	0.08001042157411575
split4	PC9D0C-GCCCCTTTTTAG-0	1	0.11551893502473831
split4	PC9D0C-TGAGGCACGAGT-0	1	0.21072575449943542
split4	PC9D0C-ATATAATTGAAA-0	1	0.0841052383184433
split4	PC9Day3_Eto-ATTTGGTCTTGC-1	0	0.08054079115390778
split4	PC9Day3_Eto-CAGGAAACCCAA-1	0	0.09914150834083557
split4	PC9Day3_Eto-AGACAAGCTAGA-1	0	0.11961222440004349
split4	PC9D0C-TCTAGTGTCGCA-0	1	0.12507721781730652
split4	PC9D0C-GCCGCGTAGATA-0	1	0.07778166234493256
split4	PC9D0C-CCTCCCTGGACA-0	1	0.16007879376411438
split4	PC9D0C-TACGCTTAGTAN-0	1	0.17226628959178925
split4	PC9Day3_Eto-TGGTGATCTCCG-1	0	0.046592362225055695
split4	PC9Day3_Eto-ATCAGATAAGCT-1	0	0.09215280413627625
split4	PC9D0C-GAGGCATACACC-0	1	0.1328737735748291
split4	PC9D0C-CGGTGTTTAATC-0	1	0.2685464918613434
split4	PC9Day3_Eto-TATTGAGCCTTC-1	0	0.04573943838477135
split4	PC9Day3_Eto-CAATTTCGCAGA-1	0	0.08341966569423676
split4	PC9Day3_Eto-GTGTCCTTTTTA-1	0	0.06437952071428299
split4	PC9Day3_Eto-AACGGCACTCGT-1	0	0.02304859459400177
split4	PC9D0C-GACCCCCGAAAA-0	1	0.08843763172626495
split4	PC9D0C-AGCCGAGCAAGC-0	1	0.14045552909374237
split4	PC9Day3_Eto-CGCCTATAGTGA-1	0	0.1020098626613617
split4	PC9D0C-AACACGTGGTCT-0	1	0.09989026933908463
split4	PC9D0C-GACAGGTCTAGT-0	1	0.11344892531633377
split4	PC9Day3_Eto-TCACTATCGCAT-1	0	0.1736152321100235
split4	PC9D0C-GTTTAAGGTATA-0	1	0.09873545169830322
split4	PC9D0C-ACTGTTCATGAA-0	1	0.10733427107334137
split4	PC9Day3_Eto-ACCGCACGTAAA-1	0	0.09158691763877869
split4	PC9D0C-CTCGCCCATTAN-0	1	0.08252424746751785
split4	PC9D0C-CTTGACCCCAAA-0	1	0.06941739469766617
split4	PC9Day3_Eto-GGTCGGCATTAC-1	0	0.059880200773477554
split4	PC9D0C-TAGCCTTTCGTN-0	1	0.09474512189626694
split4	PC9D0C-CGCATTGCGATC-0	1	0.0935419574379921
split4	PC9Day3_Eto-TATAAAGGTCCT-1	0	0.035379864275455475
split4	PC9Day3_Eto-CGACGACAAAGC-1	0	0.07190293073654175
split4	PC9Day3_Eto-GAGATAAACAGG-1	0	0.07682370394468307
split4	PC9Day3_Eto-GGTCAAAGAAAT-1	0	0.07694914937019348
split4	PC9Day3_Eto-TATTCCGCTCAA-1	0	0.132453054189682
split4	PC9D0C-AGGCTAACATAC-0	1	0.06845651566982269
split4	PC9Day3_Eto-GCGGCGAGCGTT-1	0	0.06045173853635788
split4	PC9D0C-AATAAGGAACTG-0	1	0.06048016622662544
split4	PC9D0C-ACCGCGTAGATA-0	1	0.09483465552330017
split4	PC9Day3_Eto-CATCCCCTCCCC-1	0	0.1321684569120407
split4	PC9D0C-TTGATTACAGTG-0	1	0.07573442161083221
split4	PC9D0C-CGCCTCGCCGCG-0	1	0.13278739154338837
split4	PC9D0C-GACTAAACGTAC-0	1	0.062293633818626404
split4	PC9D0C-TTATCCGGATAG-0	1	0.15333116054534912
split4	PC9D0C-CCTCCCTGGGCA-0	1	0.12456817179918289
split4	PC9D0C-TGACCTCCTTGN-0	1	0.03530839458107948
split4	PC9Day3_Eto-GGCCAGAATACA-1	0	0.07677377015352249
split4	PC9D0C-CCCGGCGTAGAT-0	1	0.164092019200325
split4	PC9Day3_Eto-ACAGCTAAGGAA-1	0	0.03288266062736511
split4	PC9D0C-GGGTTTGCCCAC-0	1	0.06620919704437256
split4	PC9D0C-ATGATATACTTN-0	1	0.073026642203331
split4	PC9Day3_Eto-AAAGGGATCCCC-1	0	0.03396673873066902
split4	PC9D0C-GGGCCAACTTTT-0	1	0.08708205819129944
split4	PC9D0C-TAGCATGAATTT-0	1	0.11347262561321259
split4	PC9D0C-TCACGACATTGA-0	1	0.08956249803304672
split4	PC9D0C-GAGAGGATAAGG-0	1	0.13755379617214203
split4	PC9D0C-CCACAACCGAGA-0	1	0.12397775799036026
split4	PC9D0C-CCCCTACTCGAA-0	1	0.16982871294021606
split4	PC9D0C-TTGAAGCGCCCA-0	1	0.10299623012542725
split4	PC9D0C-ACTATTTCCCGT-0	1	0.2050018012523651
split4	PC9D0C-GTTCCGTGCTTT-0	1	0.08130457997322083
split4	PC9Day3_Eto-CCTCGAGGTGCA-1	0	0.06351490318775177
split4	PC9Day3_Eto-CCAAAATAGACT-1	0	0.0503399521112442
split4	PC9D0C-AACCGAGACGCC-0	1	0.12539373338222504
split4	PC9D0C-AGTCATCCCCCC-0	1	0.05949575453996658
split4	PC9D0C-GGGTGAGGCCTC-0	1	0.045143771916627884
split4	PC9Day3_Eto-CTCTGAGGCGGG-1	0	0.11020147055387497
split4	PC9D0C-AGCCAATCACCG-0	1	0.11217156797647476
split4	PC9D0C-TACCGTAGATGG-0	1	0.09998534619808197
split4	PC9D0C-AGCCGAGCAGGC-0	1	0.13857033848762512
split4	PC9Day3_Eto-GGATGACGCAGA-1	0	0.0272445697337389
split4	PC9D0C-GGACCCCACAGC-0	1	0.1422063410282135
split4	PC9Day3_Eto-TCAACGGACAAC-1	0	0.02600591629743576
split4	PC9Day3_Eto-GTCGGATACAAG-1	0	0.06715349853038788
split5	PC9Day3_Eto-CATTGCGATATG-1	0	0.19636832177639008
split5	PC9Day3_Eto-GTGCACAATTAN-1	0	0.2064557522535324
split5	PC9D0C-GATCAAATTAGA-0	1	0.21715350449085236
split5	PC9D0C-TAGACTTTCGTN-0	1	0.29798170924186707
split5	PC9Day3_Eto-GAGCAAACCGTN-1	0	0.1993081420660019
split5	PC9Day3_Eto-TCGCCGCGCTAT-1	0	0.23761974275112152
split5	PC9Day3_Eto-TTTTATGTCATN-1	0	0.22375699877738953
split5	PC9Day3_Eto-CAACAGTTGTGT-1	0	0.41209420561790466
split5	PC9Day3_Eto-ACCCTGTGCACC-1	0	0.27348989248275757
split5	PC9D0C-GGCCGCACTGAA-0	1	0.22586312890052795
split5	PC9D0C-AGGCCTGTATAC-0	1	0.32616347074508667
split5	PC9D0C-CAGGCCCATAGC-0	1	0.22652997076511383
split5	PC9D0C-GTCGGGGCGTGT-0	1	0.35730376839637756
split5	PC9D0C-CATGAAACGCGC-0	1	0.31664782762527466
split5	PC9Day3_Eto-GGAGTCCCCCAC-1	0	0.1879204362630844
split5	PC9Day3_Eto-ACGCCCATGACT-1	0	0.3298725187778473
split5	PC9D0C-CTGCTTCTTAGC-0	1	0.2969370484352112
split5	PC9Day3_Eto-CCCTAGCTCCAA-1	0	0.2740767300128937
split5	PC9Day3_Eto-CGATAGTCACTA-1	0	0.22866705060005188
split5	PC9D0C-GACCTGTCGACA-0	1	0.2366749346256256
split5	PC9D0C-CCCCTACTCAAA-0	1	0.25466686487197876
split5	PC9D0C-TATAGTAGCCAG-0	1	0.2958294451236725
split5	PC9Day3_Eto-AACTGTTATCAC-1	0	0.2048579752445221
split5	PC9D0C-AATCCCCCTATA-0	1	0.26823365688323975
split5	PC9D0C-GGCCGTCGATTG-0	1	0.22007261216640472
split5	PC9D0C-GTAGAGTCGGGG-0	1	0.2545870244503021
split5	PC9D0C-AATTACGTCTAG-0	1	0.25749728083610535
split5	PC9Day3_Eto-ATGGGGCACGGG-1	0	0.19661419093608856
split5	PC9D0C-GCATGATCTCAT-0	1	0.3169727325439453
split5	PC9D0C-GGATGTAGCATG-0	1	0.28072425723075867
split5	PC9D0C-GCAGTCGCCTCA-0	1	0.3583471477031708
split5	PC9D0C-GCCCAGACCAGT-0	1	0.21666471660137177
split5	PC9Day3_Eto-GCGCAATCAAGG-1	0	0.34374749660491943
split5	PC9D0C-GATGTGACCAGC-0	1	0.2368040233850479
split5	PC9D0C-ACAACTCCGCAG-0	1	0.2555803954601288
split5	PC9Day3_Eto-CAGCAGAATACG-1	0	0.2447272539138794
split5	PC9Day3_Eto-CACTATTGGTGA-1	0	0.2721642255783081
split5	PC9Day3_Eto-CGGGTTACAAAT-1	0	0.26851335167884827
split5	PC9D0C-GTCCTAGCGCGC-0	1	0.22231820225715637
split5	PC9Day3_Eto-AGTGCTCATCTC-1	0	0.36480310559272766
split5	PC9D0C-TACTAAACTGGC-0	1	0.4489474296569824
split5	PC9Day3_Eto-AGAACAATCACC-1	0	0.21105483174324036
split5	PC9Day3_Eto-GTAATGGAGCAG-1	0	0.22763316333293915
split5	PC9D0C-GCCGGCTCCGCA-0	1	0.3235316276550293
split5	PC9D0C-GAGTCCGTCTAN-0	1	0.2791946828365326
split5	PC9D0C-ACCTTATAGAAC-0	1	0.319924920797348
split5	PC9D0C-CTTCGTCTAAAG-0	1	0.3336327373981476
split5	PC9Day3_Eto-AGTAGTCACTAG-1	0	0.287994921207428
split5	PC9D0C-GCTGGCCACCTA-0	1	0.27431631088256836
split5	PC9Day3_Eto-TAGCATGGTATA-1	0	0.2104635238647461
split5	PC9D0C-TAGGGCCCCCAA-0	1	0.3366241157054901
split5	PC9Day3_Eto-AAATCCAATAAT-1	0	0.2741183042526245
split5	PC9Day3_Eto-TTGCTATATTCC-1	0	0.3172214925289154
split5	PC9D0C-TTATAACCCATG-0	1	0.263775110244751
split5	PC9D0C-ATAGACGCGACC-0	1	0.3950553238391876
split5	PC9Day3_Eto-AAAGGGTGTATG-1	0	0.21738678216934204
split5	PC9D0C-GCCTGACTACCG-0	1	0.25072595477104187
split5	PC9Day3_Eto-TCCTACCTGTAN-1	0	0.4232047200202942
split5	PC9Day3_Eto-CTGAGTAGCATA-1	0	0.23703789710998535
split5	PC9Day3_Eto-GCAACCCCCTCT-1	0	0.2296866923570633
split5	PC9Day3_Eto-GAGTCGCCAGTG-1	0	0.2572701573371887
split5	PC9Day3_Eto-AGCTATGTGTTC-1	0	0.3122439384460449
split5	PC9D0C-CCCGACTGACCG-0	1	0.23546116054058075
split5	PC9D0C-CAGATTTGCGGC-0	1	0.2704160213470459
split5	PC9Day3_Eto-GTAGGATAACTA-1	0	0.3282540440559387
split5	PC9Day3_Eto-TTATCGGTGCAG-1	0	0.21516560018062592
split5	PC9D0C-TAATCGGCGATG-0	1	0.3016210198402405
split5	PC9Day3_Eto-CGCCTCTTAATC-1	0	0.3536171615123749
split5	PC9D0C-AGCAAGCCTTAC-0	1	0.34070298075675964
split5	PC9Day3_Eto-TACTTGGTCTGG-1	0	0.247736394405365
split5	PC9Day3_Eto-TTTCTCCTATGG-1	0	0.2765965759754181
split5	PC9D0C-GCAGGCGGCGGC-0	1	0.3460349440574646
split5	PC9Day3_Eto-GCGGGTTCACCN-1	0	0.24689681828022003
split5	PC9D0C-GCGACTATGTCC-0	1	0.2942076027393341
split5	PC9D0C-GCTTTATGAGAC-0	1	0.2680855095386505
split5	PC9D0C-GTACGGTTCATG-0	1	0.24208347499370575
split5	PC9D0C-GCTCGGGGCTTC-0	1	0.30725350975990295
split5	PC9Day3_Eto-CCTAGAACACAN-1	0	0.259953111410141
split5	PC9Day3_Eto-ACACCCCTCGAA-1	0	0.2572045922279358
split5	PC9D0C-CTCACACGCGCT-0	1	0.27355629205703735
split5	PC9D0C-CGTGTATGGCGA-0	1	0.32005834579467773
split5	PC9Day3_Eto-GCAGAACATTAA-1	0	0.316236287355423
split5	PC9D0C-CCATTAGAGAGC-0	1	0.3115142285823822
split5	PC9D0C-AAGAAGGAAGTG-0	1	0.2331714779138565
split5	PC9D0C-AGTTATTTTTTA-0	1	0.2363758087158203
split5	PC9D0C-GTCATACAACAC-0	1	0.3045263886451721
split5	PC9Day3_Eto-TAGGGAGTGTAG-1	0	0.27239128947257996
split5	PC9D0C-CTGATCCCGTTG-0	1	0.30292579531669617
split5	PC9D0C-TAGGCAAGCCAT-0	1	0.3099439740180969
split5	PC9Day3_Eto-CCATTGGCCGCC-1	0	0.33386877179145813
split5	PC9Day3_Eto-GGTATTTCCCTT-1	0	0.2038995772600174
split5	PC9Day3_Eto-CCCGGATTGCGG-1	0	0.24535267055034637
split5	PC9D0C-GCATGTAGTATT-0	1	0.27846598625183105
split5	PC9Day3_Eto-GTCCTCTCCAAG-1	0	0.2402268499135971
split5	PC9Day3_Eto-ATAAGCACCTTC-1	0	0.3236810564994812
split5	PC9D0C-TATAGCTTCTAC-0	1	0.3635222017765045
split5	PC9D0C-TTGGTGCAAGTG-0	1	0.2980107069015503
split5	PC9D0C-CACAGAGCTAGG-0	1	0.234315887093544
split5	PC9D0C-GCCGGCTCCACA-0	1	0.28167104721069336
split5	PC9D0C-TCCACAGTATCN-0	1	0.3172757625579834
split5	PC9Day3_Eto-TGAGGTTAGGGG-1	0	0.26184409856796265
split5	PC9D0C-TCAAAGAAGGAC-0	1	0.24817326664924622
split5	PC9Day3_Eto-ATATAGTTAGTG-1	0	0.24910254776477814
split5	PC9Day3_Eto-CGAACTGTGTAG-1	0	0.2908209264278412
split5	PC9Day3_Eto-TTCGAATTAAGT-1	0	0.24373547732830048
split5	PC9D0C-AGGTTGCTCTGT-0	1	0.3104134500026703
split5	PC9D0C-CGAAGCGTTCCG-0	1	0.2529383599758148
split5	PC9D0C-GTGCGAGCCTAT-0	1	0.2303158938884735
split5	PC9D0C-CAGCTTCGCCGG-0	1	0.40192553400993347
split5	PC9Day3_Eto-GAGGTCCCCGGA-1	0	0.23550960421562195
split5	PC9D0C-CATGAAGCGTAA-0	1	0.2694946825504303
split5	PC9Day3_Eto-AATTTCCTTTTG-1	0	0.2284766584634781
split5	PC9Day3_Eto-CCCTGGAACAGC-1	0	0.21530534327030182
split5	PC9D0C-GTTTCTGCAATA-0	1	0.393521785736084
split5	PC9D0C-TTATTGCCACTT-0	1	0.315616250038147
split5	PC9D0C-ACTTAGGCCACA-0	1	0.28878912329673767
split5	PC9D0C-ATGCGTACAGGT-0	1	0.2736526131629944
split5	PC9Day3_Eto-CCGGGGCAGACT-1	0	0.3191099762916565
split5	PC9D0C-TATTGAAGAAAG-0	1	0.24624910950660706
split5	PC9D0C-AGTGGAATTGAA-0	1	0.27412399649620056
split5	PC9D0C-AAGCTAGACAAA-0	1	0.3390691876411438
split5	PC9D0C-ATGTCGGTTCCC-0	1	0.298105388879776
split5	PC9D0C-GGCTAACACAAG-0	1	0.28605303168296814
split5	PC9D0C-GCGCTTTTCGCC-0	1	0.3640691041946411
split5	PC9Day3_Eto-GCTGAGACTATA-1	0	0.20552264153957367
split5	PC9Day3_Eto-AGACGAATGCGN-1	0	0.2544093728065491
split5	PC9Day3_Eto-CGAGCGCACCGC-1	0	0.2632318139076233
split5	PC9D0C-TAAGTCGAGTAA-0	1	0.3989640176296234
split5	PC9D0C-TACTACAGCTTA-0	1	0.3003488779067993
split5	PC9Day3_Eto-ACCTCTTCATTC-1	0	0.4298178553581238
split5	PC9D0C-GGCTGCAGGCAA-0	1	0.2622418701648712
split5	PC9D0C-CGCGCCCCCTTT-0	1	0.2646484971046448
split5	PC9Day3_Eto-TACTGGGTACTN-1	0	0.22464396059513092
split5	PC9D0C-GTAATAAGTACC-0	1	0.2515026926994324
split5	PC9Day3_Eto-TATCAAATTTGA-1	0	0.24756671488285065
split5	PC9Day3_Eto-CGAGGGCCCACA-1	0	0.3199993968009949
split5	PC9D0C-GGGGCTGCCCTC-0	1	0.2001236379146576
split5	PC9Day3_Eto-ATTATGTCTGCT-1	0	0.2008545994758606
split5	PC9D0C-GGGACGAGACCT-0	1	0.3305588662624359
split5	PC9D0C-TTTCTCCCAGTG-0	1	0.3817402720451355
split5	PC9D0C-TTGAAGCGACCA-0	1	0.4150352478027344
split5	PC9D0C-CGCCGCCCCCGG-0	1	0.23828516900539398
split5	PC9D0C-GAACACTTAGTC-0	1	0.25981003046035767
split5	PC9D0C-ATTCCCCGCAAC-0	1	0.2278686761856079
split5	PC9Day3_Eto-GTAATGTGGCGG-1	0	0.29541513323783875
split5	PC9Day3_Eto-GAAGCTGGTATT-1	0	0.2159423679113388
split5	PC9Day3_Eto-TCACATCGACCT-1	0	0.2957056760787964
split5	PC9Day3_Eto-ATCGGTTTGCGA-1	0	0.3528827428817749
split5	PC9Day3_Eto-AAGACTGGATCC-1	0	0.22784867882728577
split5	PC9D0C-TTTTACCCTGAG-0	1	0.3066970109939575
split5	PC9D0C-CAGGGAGTGCGA-0	1	0.27391043305397034
split5	PC9Day3_Eto-TAATAAGGCTCT-1	0	0.2665029764175415
split5	PC9Day3_Eto-AGAGTGAGCGCG-1	0	0.3058629631996155
split5	PC9Day3_Eto-TACTGTTACCGT-1	0	0.29621973633766174
split5	PC9Day3_Eto-ATGGCCGGGAAT-1	0	0.2800396680831909
split5	PC9D0C-TTTCTCCCAATG-0	1	0.2430170327425003
split5	PC9Day3_Eto-GAACTCCCCATT-1	0	0.33170273900032043
split5	PC9D0C-TCACTTAATGCG-0	1	0.2795150876045227
split5	PC9D0C-GTGTATCACTAA-0	1	0.2977037727832794
split5	PC9D0C-GTGGCTCAGCAT-0	1	0.37497079372406006
split5	PC9Day3_Eto-AATACATTCCCT-1	0	0.3110448718070984
split5	PC9Day3_Eto-GTCGCCACCCTT-1	0	0.2375861257314682
split5	PC9Day3_Eto-CTATCTTTCCGC-1	0	0.240862637758255
split5	PC9D0C-CACGTGTTGACG-0	1	0.31257760524749756
split5	PC9Day3_Eto-TAGGCGCGTGCA-1	0	0.22974994778633118
split5	PC9D0C-AAGGATCTATTA-0	1	0.5226035118103027
split5	PC9Day3_Eto-GGGACGCCTGAT-1	0	0.30788642168045044
split5	PC9Day3_Eto-TCGCGGCGAGGG-1	0	0.21079334616661072
split5	PC9D0C-GCTACGACCAGN-0	1	0.28324055671691895
split5	PC9Day3_Eto-TATCCATCTCGT-1	0	0.27685844898223877
split5	PC9D0C-AGTTCTACACGA-0	1	0.24946613609790802
split5	PC9D0C-CTTAGGTACTCG-0	1	0.44259753823280334
split5	PC9D0C-GCGCCCCACACN-0	1	0.4342038333415985
split5	PC9D0C-TCGTAAACGCAC-0	1	0.2826613187789917
split5	PC9Day3_Eto-AAGGCTGCCAGT-1	0	0.26410984992980957
split5	PC9D0C-GCTTCGACCGGG-0	1	0.3076023459434509
split5	PC9Day3_Eto-CACCCGATATAG-1	0	0.1996089518070221
split5	PC9D0C-GGCAAATCACCG-0	1	0.26375719904899597
split5	PC9D0C-CTCATAAGTTTT-0	1	0.38602155447006226
split5	PC9Day3_Eto-TGTCTTTTCGCC-1	0	0.2234613597393036
split5	PC9D0C-GCATTTCAAGCT-0	1	0.2248268723487854
split5	PC9D0C-TTTCGCGGCCCN-0	1	0.22485297918319702
split5	PC9D0C-TGGGACCATGCN-0	1	0.22362150251865387
split5	PC9D0C-GTTCGCGGACCT-0	1	0.21418297290802002
split5	PC9D0C-GCCTCGCGAAGG-0	1	0.23286029696464539
split5	PC9D0C-ACGGCAATGGAC-0	1	0.28865867853164673
split5	PC9D0C-ATGTTAGTGTCT-0	1	0.4875190556049347
split5	PC9D0C-AGACATCACACN-0	1	0.2621886730194092
split5	PC9Day3_Eto-TTTCCGCGAGAG-1	0	0.3373461663722992
split5	PC9D0C-GTACGCCAGAGT-0	1	0.35046204924583435
split5	PC9Day3_Eto-TCACAACCCAGC-1	0	0.27119916677474976
split5	PC9Day3_Eto-CCGGTAACAGCC-1	0	0.22468265891075134
split5	PC9Day3_Eto-TTTTCCGACATC-1	0	0.23791559040546417
split5	PC9D0C-GAACACTTAATC-0	1	0.30514973402023315
split5	PC9Day3_Eto-CTTTCGTTGATT-1	0	0.23822441697120667
split5	PC9D0C-AACGATGGACAG-0	1	0.3492162823677063
split5	PC9D0C-CAAAACTTGTGA-0	1	0.3462786376476288
split5	PC9D0C-ATCGTGTAATAC-0	1	0.30947884917259216
split5	PC9Day3_Eto-TGCCAGTAGTGT-1	0	0.2732672393321991
split5	PC9Day3_Eto-TAGGACGACGAG-1	0	0.2404770702123642
split5	PC9D0C-TAAATGAAAAGT-0	1	0.4158881902694702
split5	PC9D0C-CTCTAAACGAGG-0	1	0.22585590183734894
split5	PC9Day3_Eto-AGTTTGCTCATT-1	0	0.3301364481449127
split5	PC9D0C-GACCCTTTTTAN-0	1	0.3306364417076111
split5	PC9D0C-GCATACGCGACT-0	1	0.21365195512771606
split5	PC9D0C-GCCTGTTCCTAA-0	1	0.3392745554447174
split5	PC9D0C-TTGTGTATCATT-0	1	0.2421848177909851
split5	PC9Day3_Eto-GAATCAAGCCCC-1	0	0.329391211271286
split5	PC9D0C-TGGCCAACTTTT-0	1	0.5661997199058533
split5	PC9Day3_Eto-TGAAATCCTGAT-1	0	0.23793400824069977
split5	PC9D0C-ATAAACCTGGTA-0	1	0.296202689409256
split5	PC9Day3_Eto-TGATGGGCCACC-1	0	0.23636944591999054
split5	PC9D0C-GCAGAACATGTA-0	1	0.2552978992462158
split5	PC9Day3_Eto-AATACTGGGTCG-1	0	0.2845299541950226
split5	PC9D0C-GACACCCGAAAA-0	1	0.2856791317462921
split5	PC9Day3_Eto-TCCCTCATTAAC-1	0	0.2912411391735077
split5	PC9D0C-ACGCAGGTTAAC-0	1	0.23978309333324432
split5	PC9D0C-TAGGGCACCCCG-0	1	0.33720386028289795
split5	PC9D0C-ACCTCGCGAAGG-0	1	0.3926128149032593
split5	PC9D0C-TTGCTCCATCCG-0	1	0.3329550325870514
split5	PC9Day3_Eto-TGAGCGTGTGTN-1	0	0.33684206008911133
split5	PC9D0C-AGACATCACGCN-0	1	0.3607341945171356
split5	PC9Day3_Eto-ACACCTCACGTT-1	0	0.19858892261981964
split5	PC9D0C-ACAGAACATCTA-0	1	0.23477698862552643
split5	PC9D0C-CTTTTCTTCAAC-0	1	0.36392539739608765
split5	PC9D0C-TAGACTTTCATN-0	1	0.2654254138469696
split5	PC9D0C-ACTTAACAAATC-0	1	0.4002079367637634
split5	PC9D0C-TGCCATCCAACC-0	1	0.29281195998191833
split5	PC9Day3_Eto-CTTCGAGCCAAT-1	0	0.23910339176654816
split5	PC9Day3_Eto-GGCGCAGAGCTG-1	0	0.3106330931186676
split5	PC9D0C-TACATGAACTCG-0	1	0.3384438455104828
split5	PC9Day3_Eto-GTGCTCCTTTGC-1	0	0.2594437599182129
split5	PC9D0C-CCCTCGCCTTCT-0	1	0.23536533117294312
split5	PC9D0C-GGACGACCCATC-0	1	0.2899545133113861
split5	PC9D0C-TTGCGACATAGA-0	1	0.3495796024799347
split5	PC9Day3_Eto-GTGAGTCCAGTC-1	0	0.23109033703804016
split5	PC9D0C-CTACAGACGCCT-0	1	0.4033915400505066
split5	PC9Day3_Eto-ACCCATTAACCC-1	0	0.42380398511886597
split5	PC9Day3_Eto-CAGGGAGCTTGC-1	0	0.21886736154556274
split5	PC9Day3_Eto-TGGCAAGCCGAG-1	0	0.27091652154922485
split5	PC9D0C-CTGAATCGAATC-0	1	0.3855963945388794
split5	PC9Day3_Eto-TTTTCCGACGTC-1	0	0.22410553693771362
split5	PC9Day3_Eto-ACAATGACACTT-1	0	0.3016880452632904
split5	PC9Day3_Eto-GATCAAACACGT-1	0	0.18427565693855286
split5	PC9D0C-CATTAACGCCAA-0	1	0.3404579758644104
split5	PC9Day3_Eto-GCTTCCATTCAN-1	0	0.2423706203699112
split5	PC9D0C-TCTACGCGGATC-0	1	0.34459635615348816
split5	PC9Day3_Eto-ATTGGCACGTCT-1	0	0.36317959427833557
split5	PC9Day3_Eto-GTAGAAGCTAGT-1	0	0.20092611014842987
split5	PC9Day3_Eto-GCACATAGGGAA-1	0	0.2179078757762909
split5	PC9Day3_Eto-TACTCTGTATCT-1	0	0.29842159152030945
split5	PC9D0C-GATAAGCCCATG-0	1	0.24004709720611572
split5	PC9Day3_Eto-TGATAAGTCCCG-1	0	0.2537466287612915
split5	PC9Day3_Eto-TTCGGGACCAGT-1	0	0.3129632771015167
split5	PC9Day3_Eto-AATTCTATCGTT-1	0	0.31904032826423645
split5	PC9D0C-GAAGGTCGGATT-0	1	0.2790538966655731
split5	PC9Day3_Eto-GCGTGGAGGCAT-1	0	0.3031160533428192
split5	PC9Day3_Eto-TACGCGATTACT-1	0	0.22260922193527222
split5	PC9D0C-TTACACAATAAN-0	1	0.36636513471603394
split5	PC9Day3_Eto-CCGCTAAGCCGT-1	0	0.24113266170024872
split5	PC9D0C-AGTACGAACCTC-0	1	0.2587926685810089
split5	PC9D0C-TGGGCCATACTA-0	1	0.3970908522605896
split5	PC9Day3_Eto-TCGGGGTCAGGA-1	0	0.2697463631629944
split5	PC9D0C-TTAATCCCAGGC-0	1	0.3534718453884125
split5	PC9Day3_Eto-CCATTGGCCACC-1	0	0.2669692933559418
split5	PC9Day3_Eto-CGGGCAGTCACT-1	0	0.20733626186847687
split5	PC9D0C-AATTAGCGGCCA-0	1	0.2617506980895996
split5	PC9D0C-ACCTTGAATTAG-0	1	0.31847670674324036
split5	PC9Day3_Eto-TACAATCTTAGT-1	0	0.3471561074256897
split5	PC9Day3_Eto-CTTATCTTGCCG-1	0	0.24038159847259521
split5	PC9D0C-GCGCATAAGTTG-0	1	0.24816210567951202
split5	PC9D0C-CGTCAAATCTCC-0	1	0.23066148161888123
split5	PC9Day3_Eto-TTGTTCCCGTAT-1	0	0.2265198975801468
split5	PC9D0C-ACCGGACCAAAC-0	1	0.31131356954574585
split5	PC9Day3_Eto-GGTTGATCTATT-1	0	0.2647098898887634
split5	PC9D0C-AACGGAGTAAAA-0	1	0.2610947787761688
split5	PC9Day3_Eto-CGATTTTACAGN-1	0	0.20745719969272614
split5	PC9Day3_Eto-CCCCGATGATCG-1	0	0.2810390889644623
